26/12/2020 15:05:19.660,39734,TILEBOX @321257,59534,7D00A903E3FE,125,937,-285
26/12/2020 15:05:19.660,39735,TILEBOX @321257,59536,7D00A903E3FE,125,937,-285
26/12/2020 15:05:19.684,39745,TILEBOX @321257,59539,8F00AE03E9FE,143,942,-279
26/12/2020 15:05:19.706,39768,TILEBOX @321257,59543,7700AA03DCFE,119,938,-292
26/12/2020 15:05:19.706,39768,TILEBOX @321257,59541,8B00B103E0FE,139,945,-288
26/12/2020 15:05:19.732,39793,TILEBOX @321257,59545,7500B003E6FE,117,944,-282
26/12/2020 15:05:19.762,39823,TILEBOX @321257,59548,7500BE0304FF,117,958,-252
26/12/2020 15:05:19.785,39846,TILEBOX @321257,59550,6B00BB0319FF,107,955,-231
26/12/2020 15:05:19.809,39870,TILEBOX @321257,59554,9A00D503E7FE,154,981,-281
26/12/2020 15:05:19.808,39870,TILEBOX @321257,59552,7E00C50305FF,126,965,-251
26/12/2020 15:05:19.832,39893,TILEBOX @321257,59557,8200CE03E9FE,130,974,-279
26/12/2020 15:05:19.855,39916,TILEBOX @321257,59561,9200CE03E0FE,146,974,-288
26/12/2020 15:05:19.855,39916,TILEBOX @321257,59559,7600C303F9FE,118,963,-263
26/12/2020 15:05:19.882,39943,TILEBOX @321257,59563,8B00DC03D7FE,139,988,-297
26/12/2020 15:05:19.912,39973,TILEBOX @321257,59566,6300C30315FF,99,963,-235
26/12/2020 15:05:19.935,39996,TILEBOX @321257,59568,5B00BC0334FF,91,956,-204
26/12/2020 15:05:19.958,40019,TILEBOX @321257,59573,7A00B80311FF,122,952,-239
26/12/2020 15:05:19.958,40019,TILEBOX @321257,59570,6100BD0330FF,97,957,-208
26/12/2020 15:05:19.981,40042,TILEBOX @321257,59575,8D00D403C5FE,141,980,-315
26/12/2020 15:05:20.004,40065,TILEBOX @321257,59579,7000C503E0FE,112,965,-288
26/12/2020 15:05:20.004,40066,TILEBOX @321257,59577,7000C503E0FE,112,965,-288
26/12/2020 15:05:20.032,40094,TILEBOX @321257,59582,7200AF0330FF,114,943,-208
26/12/2020 15:05:20.033,40094,TILEBOX @321257,59584,7F00BC0332FF,127,956,-206
26/12/2020 15:05:20.062,40125,TILEBOX @321257,59586,8000D00314FF,128,976,-236
26/12/2020 15:05:20.092,40153,TILEBOX @321257,59588,8600EC0304FF,134,1004,-252
26/12/2020 15:05:20.115,40177,TILEBOX @321257,59591,7E00E40321FF,126,996,-223
26/12/2020 15:05:20.138,40199,TILEBOX @321257,59593,7A00D30337FF,122,979,-201
26/12/2020 15:05:20.161,40222,TILEBOX @321257,59597,9A00B80388FF,154,952,-120
26/12/2020 15:05:20.161,40222,TILEBOX @321257,59595,7400C00344FF,116,960,-188
26/12/2020 15:05:20.184,40245,TILEBOX @321257,59602,A500DF035BFF,165,991,-165
26/12/2020 15:05:20.184,40246,TILEBOX @321257,59600,AF00CD038FFF,175,973,-113
26/12/2020 15:05:20.212,40275,TILEBOX @321257,59604,9100E10356FF,145,993,-170
26/12/2020 15:05:20.242,40303,TILEBOX @321257,59606,6500DE033AFF,101,990,-198
26/12/2020 15:05:20.265,40326,TILEBOX @321257,59609,9400EE0335FF,148,1006,-203
26/12/2020 15:05:20.287,40349,TILEBOX @321257,59611,A400E00376FF,164,992,-138
26/12/2020 15:05:20.310,40372,TILEBOX @321257,59616,B600000483FF,182,1024,-125
26/12/2020 15:05:20.310,40372,TILEBOX @321257,59613,9200D2038BFF,146,978,-117
26/12/2020 15:05:20.334,40395,TILEBOX @321257,59620,EE00320478FF,238,1074,-136
26/12/2020 15:05:20.334,40396,TILEBOX @321257,59618,EE00320478FF,238,1074,-136
26/12/2020 15:05:20.362,40425,TILEBOX @321257,59622,FF00290469FF,255,1065,-151
26/12/2020 15:05:20.392,40453,TILEBOX @321257,59625,F7003B046BFF,247,1083,-149
26/12/2020 15:05:20.415,40476,TILEBOX @321257,59627,03016104B1FF,259,1121,-79
26/12/2020 15:05:20.437,40499,TILEBOX @321257,59629,15015B04D0FF,277,1115,-48
26/12/2020 15:05:20.460,40522,TILEBOX @321257,59634,DA00EC0371FF,218,1004,-143
26/12/2020 15:05:20.460,40522,TILEBOX @321257,59631,F6001804B3FF,246,1048,-77
26/12/2020 15:05:20.484,40545,TILEBOX @321257,59638,2F019E0342FF,303,926,-190
26/12/2020 15:05:20.484,40545,TILEBOX @321257,59636,EF00E803EEFE,239,1000,-274
26/12/2020 15:05:20.512,40573,TILEBOX @321257,59640,3C015C03BDFF,316,860,-67
26/12/2020 15:05:20.542,40603,TILEBOX @321257,59643,F40061036EFF,244,865,-146
26/12/2020 15:05:20.564,40626,TILEBOX @321257,59645,E0003E0331FF,224,830,-207
26/12/2020 15:05:20.587,40649,TILEBOX @321257,59647,9800060326FF,152,774,-218
26/12/2020 15:05:20.610,40672,TILEBOX @321257,59652,3A012403AEFF,314,804,-82
26/12/2020 15:05:20.610,40672,TILEBOX @321257,59649,AF00020357FF,175,770,-169
26/12/2020 15:05:20.633,40695,TILEBOX @321257,59656,F50086038AFF,245,902,-118
26/12/2020 15:05:20.633,40695,TILEBOX @321257,59654,3F017603ADFF,319,886,-83
26/12/2020 15:05:20.662,40725,TILEBOX @321257,59658,AE005A0383FF,174,858,-125
26/12/2020 15:05:20.692,40754,TILEBOX @321257,59661,AE005A0383FF,174,858,-125
26/12/2020 15:05:20.718,40779,TILEBOX @321257,59663,CD007E0376FF,205,894,-138
26/12/2020 15:05:20.740,40802,TILEBOX @321257,59665,6301F5039CFF,355,1013,-100
26/12/2020 15:05:20.764,40825,TILEBOX @321257,59670,05018504E2FF,261,1157,-30
26/12/2020 15:05:20.764,40825,TILEBOX @321257,59667,79011B0488FF,377,1051,-120
26/12/2020 15:05:20.786,40848,TILEBOX @321257,59674,7102BC0313FD,625,956,-749
26/12/2020 15:05:20.786,40848,TILEBOX @321257,59672,C401790434FF,452,1145,-204
26/12/2020 15:05:20.812,40876,TILEBOX @321257,59676,3D02B404A3FD,573,1204,-605
26/12/2020 15:05:20.842,40903,TILEBOX @321257,59679,D701B2044BFE,471,1202,-437
26/12/2020 15:05:20.865,40926,TILEBOX @321257,59681,6B01AD03CDFE,363,941,-307
26/12/2020 15:05:20.888,40949,TILEBOX @321257,59685,80006D032DFF,128,877,-211
26/12/2020 15:05:20.888,40949,TILEBOX @321257,59683,F700620363FF,247,866,-157
26/12/2020 15:05:20.911,40972,TILEBOX @321257,59688,9B00BD035D00,155,957,93
26/12/2020 15:05:20.934,40995,TILEBOX @321257,59692,2001D4030A00,288,980,10
26/12/2020 15:05:20.934,40996,TILEBOX @321257,59690,E20079037300,226,889,115
26/12/2020 15:05:20.962,41023,TILEBOX @321257,59695,FE00EE034C00,254,1006,76
26/12/2020 15:05:20.992,41053,TILEBOX @321257,59697,99006A031F00,153,874,31
26/12/2020 15:05:21.015,41076,TILEBOX @321257,59699,AC009903BEFF,172,921,-66
26/12/2020 15:05:21.038,41099,TILEBOX @321257,59704,FB00CE03B2FF,251,974,-78
26/12/2020 15:05:21.038,41100,TILEBOX @321257,59701,AC009903BEFF,172,921,-66
26/12/2020 15:05:21.061,41122,TILEBOX @321257,59706,BF00A2033400,191,930,52
26/12/2020 15:05:21.084,41145,TILEBOX @321257,59710,0301EB03BDFF,259,1003,-67
26/12/2020 15:05:21.084,41146,TILEBOX @321257,59708,9C00C5033700,156,965,55
26/12/2020 15:05:21.112,41173,TILEBOX @321257,59713,1201C603FBFF,274,966,-5
26/12/2020 15:05:21.142,41203,TILEBOX @321257,59715,C300D9031D00,195,985,29
26/12/2020 15:05:21.165,41226,TILEBOX @321257,59717,B100FE0384FF,177,1022,-124
26/12/2020 15:05:21.188,41249,TILEBOX @321257,59722,FB00C9033400,251,969,52
26/12/2020 15:05:21.188,41250,TILEBOX @321257,59720,FB00DE03AAFF,251,990,-86
26/12/2020 15:05:21.211,41272,TILEBOX @321257,59724,D000DF030000,208,991,0
26/12/2020 15:05:21.235,41296,TILEBOX @321257,59729,ED00D1033B00,237,977,59
26/12/2020 15:05:21.235,41296,TILEBOX @321257,59726,FB00EC03FFFF,251,1004,-1
26/12/2020 15:05:21.262,41323,TILEBOX @321257,59731,CD00F2031E00,205,1010,30
26/12/2020 15:05:21.292,41353,TILEBOX @321257,59733,D700E503E9FF,215,997,-23
26/12/2020 15:05:21.315,41376,TILEBOX @321257,59735,E900CB03DFFF,233,971,-33
26/12/2020 15:05:21.338,41399,TILEBOX @321257,59738,E100E0030500,225,992,5
26/12/2020 15:05:21.338,41400,TILEBOX @321257,59740,E100CD034100,225,973,65
26/12/2020 15:05:21.362,41423,TILEBOX @321257,59742,E100CD034100,225,973,65
26/12/2020 15:05:21.386,41447,TILEBOX @321257,59747,8A00DD03DBFF,138,989,-37
26/12/2020 15:05:21.386,41447,TILEBOX @321257,59744,CA00E7032C00,202,999,44
26/12/2020 15:05:21.412,41474,TILEBOX @321257,59749,9D00C5039CFF,157,965,-100
26/12/2020 15:05:21.442,41503,TILEBOX @321257,59751,EB00D903E5FF,235,985,-27
26/12/2020 15:05:21.465,41526,TILEBOX @321257,59753,C80005043B00,200,1029,59
26/12/2020 15:05:21.488,41549,TILEBOX @321257,59758,C300BF032800,195,959,40
26/12/2020 15:05:21.488,41550,TILEBOX @321257,59756,9100F8032800,145,1016,40
26/12/2020 15:05:21.513,41576,TILEBOX @321257,59760,DF00E6031A00,223,998,26
26/12/2020 15:05:21.536,41597,TILEBOX @321257,59762,D30004040100,211,1028,1
26/12/2020 15:05:21.536,41597,TILEBOX @321257,59765,C500DB03CDFF,197,987,-51
26/12/2020 15:05:21.562,41623,TILEBOX @321257,59767,CA00CB03D9FF,202,971,-39
26/12/2020 15:05:21.592,41653,TILEBOX @321257,59769,D200B803FFFF,210,952,-1
26/12/2020 15:05:21.615,41677,TILEBOX @321257,59771,D000CC03CEFF,208,972,-50
26/12/2020 15:05:21.639,41700,TILEBOX @321257,59774,9400CB03CBFF,148,971,-53
26/12/2020 15:05:21.639,41700,TILEBOX @321257,59776,9000A703FBFF,144,935,-5
26/12/2020 15:05:21.663,41726,TILEBOX @321257,59778,B800B9030000,184,953,0
26/12/2020 15:05:21.686,41747,TILEBOX @321257,59783,DF00CD03A6FF,223,973,-90
26/12/2020 15:05:21.686,41748,TILEBOX @321257,59780,A000C403DEFF,160,964,-34
26/12/2020 15:05:21.712,41773,TILEBOX @321257,59785,DF00CD03A6FF,223,973,-90
26/12/2020 15:05:21.742,41803,TILEBOX @321257,59787,F700EB03F1FF,247,1003,-15
26/12/2020 15:05:21.765,41827,TILEBOX @321257,59789,AB0009043A00,171,1033,58
26/12/2020 15:05:21.789,41850,TILEBOX @321257,59794,F600E203C4FF,246,994,-60
26/12/2020 15:05:21.789,41850,TILEBOX @321257,59792,9900D603DEFF,153,982,-34
26/12/2020 15:05:21.812,41875,TILEBOX @321257,59796,200120040700,288,1056,7
26/12/2020 15:05:21.836,41897,TILEBOX @321257,59801,7D00B8031C00,125,952,28
26/12/2020 15:05:21.836,41898,TILEBOX @321257,59798,A600CE033D00,166,974,61
26/12/2020 15:05:21.862,41923,TILEBOX @321257,59803,B000F103EBFF,176,1009,-21
26/12/2020 15:05:21.885,41947,TILEBOX @321257,59805,E400DD030B00,228,989,11
26/12/2020 15:05:21.908,41970,TILEBOX @321257,59807,DA00BD031500,218,957,21
26/12/2020 15:05:21.932,41993,TILEBOX @321257,59812,8000C703D5FF,128,967,-43
26/12/2020 15:05:21.932,41993,TILEBOX @321257,59810,6F009603F1FF,111,918,-15
26/12/2020 15:05:21.955,42016,TILEBOX @321257,59814,E1000C040A00,225,1036,10
26/12/2020 15:05:21.982,42043,TILEBOX @321257,59817,BD00B2035700,189,946,87
26/12/2020 15:05:22.005,42066,TILEBOX @321257,59819,9B009F032300,155,927,35
26/12/2020 15:05:22.030,42091,TILEBOX @321257,59823,EA0017040E00,234,1047,14
26/12/2020 15:05:22.029,42092,TILEBOX @321257,59821,CB00F203D3FF,203,1010,-45
26/12/2020 15:05:22.053,42114,TILEBOX @321257,59826,EA0017040E00,234,1047,14
26/12/2020 15:05:22.077,42139,TILEBOX @321257,59830,AA00C9031C00,170,969,28
26/12/2020 15:05:22.077,42139,TILEBOX @321257,59828,D300FE034100,211,1022,65
26/12/2020 15:05:22.102,42163,TILEBOX @321257,59832,9500D8033000,149,984,48
26/12/2020 15:05:22.132,42193,TILEBOX @321257,59835,B500F2031600,181,1010,22
26/12/2020 15:05:22.155,42216,TILEBOX @321257,59837,DF00EA03F1FF,223,1002,-15
26/12/2020 15:05:22.178,42239,TILEBOX @321257,59841,AD00BA030200,173,954,2
26/12/2020 15:05:22.178,42239,TILEBOX @321257,59839,C900D6030400,201,982,4
26/12/2020 15:05:22.201,42262,TILEBOX @321257,59844,AA00C6031800,170,966,24
26/12/2020 15:05:22.224,42285,TILEBOX @321257,59848,C600BE03E5FF,198,958,-27
26/12/2020 15:05:22.224,42286,TILEBOX @321257,59846,A400CA031D00,164,970,29
26/12/2020 15:05:22.252,42314,TILEBOX @321257,59850,CA00C003E9FF,202,960,-23
26/12/2020 15:05:22.282,42343,TILEBOX @321257,59853,9000AF031800,144,943,24
26/12/2020 15:05:22.305,42366,TILEBOX @321257,59855,9300B303E2FF,147,947,-30
26/12/2020 15:05:22.328,42389,TILEBOX @321257,59857,BA00D403AFFF,186,980,-81
26/12/2020 15:05:22.328,42390,TILEBOX @321257,59859,DD00F0030400,221,1008,4
26/12/2020 15:05:22.351,42412,TILEBOX @321257,59862,E100DF033B00,225,991,59
26/12/2020 15:05:22.374,42436,TILEBOX @321257,59864,AF00C2030C00,175,962,12
26/12/2020 15:05:22.374,42436,TILEBOX @321257,59866,AF00C2030C00,175,962,12
26/12/2020 15:05:22.402,42464,TILEBOX @321257,59869,AF00E503D8FF,175,997,-40
26/12/2020 15:05:22.432,42493,TILEBOX @321257,59871,EE0018041700,238,1048,23
26/12/2020 15:05:22.455,42516,TILEBOX @321257,59873,E80000046000,232,1024,96
26/12/2020 15:05:22.478,42540,TILEBOX @321257,59878,D400F903EFFF,212,1017,-17
26/12/2020 15:05:22.478,42540,TILEBOX @321257,59875,C500E3032500,197,995,37
26/12/2020 15:05:22.502,42563,TILEBOX @321257,59880,AF00E703FCFF,175,999,-4
26/12/2020 15:05:22.524,42585,TILEBOX @321257,59882,9E00D9030200,158,985,2
26/12/2020 15:05:22.524,42585,TILEBOX @321257,59884,CA00EB030000,202,1003,0
26/12/2020 15:05:22.552,42613,TILEBOX @321257,59887,C600DF031300,198,991,19
26/12/2020 15:05:22.582,42643,TILEBOX @321257,59889,B900D3032300,185,979,35
26/12/2020 15:05:22.605,42666,TILEBOX @321257,59891,A800CA030500,168,970,5
26/12/2020 15:05:22.628,42689,TILEBOX @321257,59896,CD00C3030200,205,963,2
26/12/2020 15:05:22.627,42689,TILEBOX @321257,59893,B800C503F0FF,184,965,-16
26/12/2020 15:05:22.651,42713,TILEBOX @321257,59898,C900BA03FBFF,201,954,-5
26/12/2020 15:05:22.674,42735,TILEBOX @321257,59902,A500AB032600,165,939,38
26/12/2020 15:05:22.674,42736,TILEBOX @321257,59900,BC00B1030000,188,945,0
26/12/2020 15:05:22.702,42763,TILEBOX @321257,59905,C000CD030E00,192,973,14
26/12/2020 15:05:22.725,42786,TILEBOX @321257,59907,C000CD030E00,192,973,14
26/12/2020 15:05:22.748,42810,TILEBOX @321257,59909,D700D303FAFF,215,979,-6
26/12/2020 15:05:22.772,42833,TILEBOX @321257,59914,A700AD03BAFF,167,941,-70
26/12/2020 15:05:22.771,42833,TILEBOX @321257,59911,B900B103EDFF,185,945,-19
26/12/2020 15:05:22.795,42856,TILEBOX @321257,59916,AD00A003E6FF,173,928,-26
26/12/2020 15:05:22.822,42883,TILEBOX @321257,59918,A80078030900,168,888,9
26/12/2020 15:05:22.845,42906,TILEBOX @321257,59920,AF002A03A4FF,175,810,-92
26/12/2020 15:05:22.869,42930,TILEBOX @321257,59923,9400DA024AFF,148,730,-182
26/12/2020 15:05:22.869,42931,TILEBOX @321257,59925,7C005B0295FF,124,603,-107
26/12/2020 15:05:22.892,42954,TILEBOX @321257,59927,88004302D8FF,136,579,-40
26/12/2020 15:05:22.915,42976,TILEBOX @321257,59932,F7FF8B0287FF,-9,651,-121
26/12/2020 15:05:22.915,42977,TILEBOX @321257,59929,4C00E402F1FF,76,740,-15
26/12/2020 15:05:22.942,43004,TILEBOX @321257,59934,3E00860240FF,62,646,-192
26/12/2020 15:05:23.002,43063,TILEBOX @321257,59938,7000AB0303FF,112,939,-253
26/12/2020 15:05:23.002,43064,TILEBOX @321257,59936,98005B0354FF,152,859,-172
26/12/2020 15:05:23.025,43086,TILEBOX @321257,59943,7F00EA031E00,127,1002,30
26/12/2020 15:05:23.025,43087,TILEBOX @321257,59941,7C00E00364FF,124,992,-156
26/12/2020 15:05:23.048,43109,TILEBOX @321257,59945,1000FD0391FF,16,1021,-111
26/12/2020 15:05:23.072,43133,TILEBOX @321257,59950,4600B40424FF,70,1204,-220
26/12/2020 15:05:23.071,43133,TILEBOX @321257,59948,1000FD0391FF,16,1021,-111
26/12/2020 15:05:23.095,43156,TILEBOX @321257,59952,6300CF0416FF,99,1231,-234
26/12/2020 15:05:23.122,43183,TILEBOX @321257,59954,250013040EFF,37,1043,-242
26/12/2020 15:05:23.145,43206,TILEBOX @321257,59957,2D006504DBFF,45,1125,-37
26/12/2020 15:05:23.169,43230,TILEBOX @321257,59961,3200030516FF,50,1283,-234
26/12/2020 15:05:23.169,43231,TILEBOX @321257,59959,EAFF0505C7FF,-22,1285,-57
26/12/2020 15:05:23.192,43253,TILEBOX @321257,59963,4E00830401FF,78,1155,-255
26/12/2020 15:05:23.215,43277,TILEBOX @321257,59966,04004A04F9FE,4,1098,-263
26/12/2020 15:05:23.215,43277,TILEBOX @321257,59968,060034047FFF,6,1076,-129
26/12/2020 15:05:23.242,43304,TILEBOX @321257,59970,F9FFA503FEFF,-7,933,-2
26/12/2020 15:05:23.272,43333,TILEBOX @321257,59972,F5FFFD0344FF,-11,1021,-188
26/12/2020 15:05:23.295,43356,TILEBOX @321257,59975,100003040CFF,16,1027,-244
26/12/2020 15:05:23.319,43380,TILEBOX @321257,59979,2C00EA034EFF,44,1002,-178
26/12/2020 15:05:23.319,43381,TILEBOX @321257,59977,1000A103F9FE,16,929,-263
26/12/2020 15:05:23.342,43403,TILEBOX @321257,59982,2A009D03D0FF,42,925,-48
26/12/2020 15:05:23.365,43426,TILEBOX @321257,59986,00005904FEFE,0,1113,-258
26/12/2020 15:05:23.365,43427,TILEBOX @321257,59984,F9FF0204FDFE,-7,1026,-259
26/12/2020 15:05:23.392,43454,TILEBOX @321257,59988,00005904FEFE,0,1113,-258
26/12/2020 15:05:23.422,43483,TILEBOX @321257,59993,E0FFF70338FF,-32,1015,-200
26/12/2020 15:05:23.422,43484,TILEBOX @321257,59991,FEFFE8035FFF,-2,1000,-161
26/12/2020 15:05:23.452,43514,TILEBOX @321257,59997,F2FFF5035FFF,-14,1013,-161
26/12/2020 15:05:23.452,43514,TILEBOX @321257,59995,EDFFFD039FFF,-19,1021,-97
26/12/2020 15:05:23.482,43543,TILEBOX @321257,60000,01001C0418FF,1,1052,-232
26/12/2020 15:05:23.512,43573,TILEBOX @321257,60002,1C00E3039AFF,28,995,-102
26/12/2020 15:05:23.535,43596,TILEBOX @321257,60004,B0FFBB03EBFE,-80,955,-277
26/12/2020 15:05:23.558,43620,TILEBOX @321257,60006,9FFFEE03CFFE,-97,1006,-305
26/12/2020 15:05:23.582,43643,TILEBOX @321257,60011,1100B103A2FF,17,945,-94
26/12/2020 15:05:23.582,43644,TILEBOX @321257,60009,0600D003CCFF,6,976,-52
26/12/2020 15:05:23.605,43667,TILEBOX @321257,60016,FBFF0204C4FF,-5,1026,-60
26/12/2020 15:05:23.605,43667,TILEBOX @321257,60013,0200F60378FF,2,1014,-136
26/12/2020 15:05:23.632,43694,TILEBOX @321257,60018,F1FFF30386FF,-15,1011,-122
26/12/2020 15:05:23.662,43723,TILEBOX @321257,60020,03001D0453FF,3,1053,-173
26/12/2020 15:05:23.686,43747,TILEBOX @321257,60022,0400F2037DFF,4,1010,-131
26/12/2020 15:05:23.709,43770,TILEBOX @321257,60027,FCFFF103DDFF,-4,1009,-35
26/12/2020 15:05:23.709,43771,TILEBOX @321257,60025,F5FFB503BCFF,-11,949,-68
26/12/2020 15:05:23.733,43794,TILEBOX @321257,60029,FEFF300454FF,-2,1072,-172
26/12/2020 15:05:23.756,43817,TILEBOX @321257,60031,FEFF300454FF,-2,1072,-172
26/12/2020 15:05:23.782,43844,TILEBOX @321257,60036,3200C603BAFF,50,966,-70
26/12/2020 15:05:23.782,43845,TILEBOX @321257,60034,1700ED037EFF,23,1005,-130
26/12/2020 15:05:23.812,43873,TILEBOX @321257,60038,2E00FB0361FF,46,1019,-159
26/12/2020 15:05:23.835,43896,TILEBOX @321257,60040,F2FF1C0480FF,-14,1052,-128
26/12/2020 15:05:23.859,43920,TILEBOX @321257,60045,18006804A3FF,24,1128,-93
26/12/2020 15:05:23.858,43920,TILEBOX @321257,60043,E3FF2704B3FF,-29,1063,-77
26/12/2020 15:05:23.883,43944,TILEBOX @321257,60047,0D00AB048AFF,13,1195,-118
26/12/2020 15:05:23.906,43967,TILEBOX @321257,60052,0700D1046BFF,7,1233,-149
26/12/2020 15:05:23.906,43968,TILEBOX @321257,60049,0500E1046DFF,5,1249,-147
26/12/2020 15:05:23.932,43993,TILEBOX @321257,60054,FDFFD60488FF,-3,1238,-120
26/12/2020 15:05:23.962,44023,TILEBOX @321257,60056,F8FFE904C6FF,-8,1257,-58
26/12/2020 15:05:23.986,44047,TILEBOX @321257,60058,E4FFE004E8FF,-28,1248,-24
26/12/2020 15:05:24.010,44071,TILEBOX @321257,60063,3F001B058FFF,63,1307,-113
26/12/2020 15:05:24.010,44071,TILEBOX @321257,60061,DAFF1F05ADFF,-38,1311,-83
26/12/2020 15:05:24.034,44095,TILEBOX @321257,60065,5300D1048AFF,83,1233,-118
26/12/2020 15:05:24.057,44118,TILEBOX @321257,60070,75FF62047100,-139,1122,113
26/12/2020 15:05:24.057,44118,TILEBOX @321257,60068,C4FF8804F1FF,-60,1160,-15
26/12/2020 15:05:24.082,44144,TILEBOX @321257,60072,75FF62047100,-139,1122,113
26/12/2020 15:05:24.112,44173,TILEBOX @321257,60074,9AFF6E040100,-102,1134,1
26/12/2020 15:05:24.135,44196,TILEBOX @321257,60077,F5FF80044AFF,-11,1152,-182
26/12/2020 15:05:24.159,44220,TILEBOX @321257,60081,F2FF3E0486FF,-14,1086,-122
26/12/2020 15:05:24.158,44220,TILEBOX @321257,60079,0F00680429FF,15,1128,-215
26/12/2020 15:05:24.182,44243,TILEBOX @321257,60083,AAFF37040D00,-86,1079,13
26/12/2020 15:05:24.205,44267,TILEBOX @321257,60086,82FF21044000,-126,1057,64
26/12/2020 15:05:24.205,44267,TILEBOX @321257,60088,B4FF3204CEFF,-76,1074,-50
26/12/2020 15:05:24.232,44293,TILEBOX @321257,60090,E2FF4704A2FF,-30,1095,-94
26/12/2020 15:05:24.262,44323,TILEBOX @321257,60092,ECFF2704B2FF,-20,1063,-78
26/12/2020 15:05:24.285,44346,TILEBOX @321257,60095,E1FF2604CAFF,-31,1062,-54
26/12/2020 15:05:24.292,44353,TILEBOX @321257,60097,A0FF22041B00,-96,1058,27
26/12/2020 15:05:24.315,44376,TILEBOX @321257,60099,89FF2C040700,-119,1068,7
26/12/2020 15:05:24.338,44399,TILEBOX @321257,60101,B8FF5004DBFF,-72,1104,-37
26/12/2020 15:05:24.361,44422,TILEBOX @321257,60106,F1FF38042B00,-15,1080,43
26/12/2020 15:05:24.361,44423,TILEBOX @321257,60104,E2FF41041700,-30,1089,23
26/12/2020 15:05:24.385,44446,TILEBOX @321257,60108,E4FF3E04F4FF,-28,1086,-12
26/12/2020 15:05:24.412,44473,TILEBOX @321257,60110,DDFF3804FDFF,-35,1080,-3
26/12/2020 15:05:24.436,44497,TILEBOX @321257,60113,DDFF3804FDFF,-35,1080,-3
26/12/2020 15:05:24.459,44520,TILEBOX @321257,60117,6800E4030A00,104,996,10
26/12/2020 15:05:24.459,44520,TILEBOX @321257,60115,10002A042700,16,1066,39
26/12/2020 15:05:24.482,44543,TILEBOX @321257,60119,6D007103AEFF,109,881,-82
26/12/2020 15:05:24.505,44566,TILEBOX @321257,60124,FFFF2C021A00,-1,556,26
26/12/2020 15:05:24.505,44567,TILEBOX @321257,60122,3900D102E4FF,57,721,-28
26/12/2020 15:05:24.532,44594,TILEBOX @321257,60126,78FFD601C0FF,-136,470,-64
26/12/2020 15:05:24.562,44623,TILEBOX @321257,60128,C9FF8F0198FF,-55,399,-104
26/12/2020 15:05:24.585,44647,TILEBOX @321257,60131,6100E5009DFF,97,229,-99
26/12/2020 15:05:24.609,44670,TILEBOX @321257,60135,61FF0701B6FE,-159,263,-330
26/12/2020 15:05:24.609,44670,TILEBOX @321257,60133,A1FFAD0004FF,-95,173,-252
26/12/2020 15:05:24.632,44694,TILEBOX @321257,60137,02002A01CDFF,2,298,-51
26/12/2020 15:05:24.656,44717,TILEBOX @321257,60142,2500BE0189FF,37,446,-119
26/12/2020 15:05:24.656,44717,TILEBOX @321257,60140,020046015A00,2,326,90
26/12/2020 15:05:24.682,44744,TILEBOX @321257,60146,450005032100,69,773,33
26/12/2020 15:05:24.682,44744,TILEBOX @321257,60144,3D009D02ACFF,61,669,-84
26/12/2020 15:05:24.712,44773,TILEBOX @321257,60149,85000E03A0FF,133,782,-96
26/12/2020 15:05:24.742,44803,TILEBOX @321257,60151,FEFF9B03C6FF,-2,923,-58
26/12/2020 15:05:24.765,44827,TILEBOX @321257,60153,FEFF9B03C6FF,-2,923,-58
26/12/2020 15:05:24.788,44850,TILEBOX @321257,60155,4CFFF003B2FF,-180,1008,-78
26/12/2020 15:05:24.832,44893,TILEBOX @321257,60158,8DFFD103FCFE,-115,977,-260
26/12/2020 15:05:24.832,44894,TILEBOX @321257,60160,70006704ADFE,112,1127,-339
26/12/2020 15:05:24.856,44917,TILEBOX @321257,60164,EAFF4204D5FE,-22,1090,-299
26/12/2020 15:05:24.855,44917,TILEBOX @321257,60162,5C00080492FE,92,1032,-366
26/12/2020 15:05:24.879,44940,TILEBOX @321257,60167,DBFFEB0468FF,-37,1259,-152
26/12/2020 15:05:24.902,44963,TILEBOX @321257,60171,94FF600487FF,-108,1120,-121
26/12/2020 15:05:24.902,44964,TILEBOX @321257,60169,B3FF740469FF,-77,1140,-151
26/12/2020 15:05:24.926,44987,TILEBOX @321257,60173,54FF87047DFF,-172,1159,-131
26/12/2020 15:05:24.952,45013,TILEBOX @321257,60176,9BFF7A0469FF,-101,1146,-151
26/12/2020 15:05:24.976,45037,TILEBOX @321257,60178,FCFF6F04E9FF,-4,1135,-23
26/12/2020 15:05:24.999,45061,TILEBOX @321257,60182,F9FFB70423FF,-7,1207,-221
26/12/2020 15:05:24.999,45061,TILEBOX @321257,60180,F5FFC7046FFF,-11,1223,-145
26/12/2020 15:05:25.023,45084,TILEBOX @321257,60185,C5FF640489FF,-59,1124,-119
26/12/2020 15:05:25.046,45109,TILEBOX @321257,60189,7900EF04FBFF,121,1263,-5
26/12/2020 15:05:25.046,45110,TILEBOX @321257,60187,E9FFC10494FF,-23,1217,-108
26/12/2020 15:05:25.072,45133,TILEBOX @321257,60192,85000B049FFF,133,1035,-97
26/12/2020 15:05:25.102,45164,TILEBOX @321257,60196,490039047FFF,73,1081,-129
26/12/2020 15:05:25.102,45164,TILEBOX @321257,60194,850039047FFF,133,1081,-129
26/12/2020 15:05:25.132,45193,TILEBOX @321257,60198,E2FF7E04E2FF,-30,1150,-30
26/12/2020 15:05:25.155,45216,TILEBOX @321257,60201,8DFFFF039BFF,-115,1023,-101
26/12/2020 15:05:25.178,45240,TILEBOX @321257,60203,BAFF6104A7FF,-70,1121,-89
26/12/2020 15:05:25.202,45264,TILEBOX @321257,60207,1900920425FF,25,1170,-219
26/12/2020 15:05:25.202,45264,TILEBOX @321257,60205,E7FFC20455FF,-25,1218,-171
26/12/2020 15:05:25.225,45287,TILEBOX @321257,60210,FAFFC60498FF,-6,1222,-104
26/12/2020 15:05:25.252,45313,TILEBOX @321257,60212,A8FFCD04ECFF,-88,1229,-20
26/12/2020 15:05:25.275,45336,TILEBOX @321257,60214,7AFF9B04DDFF,-134,1179,-35
26/12/2020 15:05:25.299,45360,TILEBOX @321257,60219,0200CE04DDFF,2,1230,-35
26/12/2020 15:05:25.299,45360,TILEBOX @321257,60216,A8FFC404D1FF,-88,1220,-47
26/12/2020 15:05:25.322,45383,TILEBOX @321257,60221,F3FF9804DDFF,-13,1176,-35
26/12/2020 15:05:25.346,45409,TILEBOX @321257,60223,BFFF8D04F3FF,-65,1165,-13
26/12/2020 15:05:25.346,45409,TILEBOX @321257,60225,79FF93042F00,-135,1171,47
26/12/2020 15:05:25.372,45433,TILEBOX @321257,60228,86FF8D04E0FF,-122,1165,-32
26/12/2020 15:05:25.402,45464,TILEBOX @321257,60232,E8FF8E0434FF,-24,1166,-204
26/12/2020 15:05:25.402,45464,TILEBOX @321257,60230,D3FF97044BFF,-45,1175,-181
26/12/2020 15:05:25.432,45493,TILEBOX @321257,60234,E3FF44046FFF,-29,1092,-145
26/12/2020 15:05:25.455,45517,TILEBOX @321257,60237,E3FF44046FFF,-29,1092,-145
26/12/2020 15:05:25.479,45540,TILEBOX @321257,60239,CAFF3104B1FF,-54,1073,-79
26/12/2020 15:05:25.502,45563,TILEBOX @321257,60244,A2FF3B04C8FF,-94,1083,-56
26/12/2020 15:05:25.502,45563,TILEBOX @321257,60241,A2FF5904DCFF,-94,1113,-36
26/12/2020 15:05:25.525,45586,TILEBOX @321257,60248,C7FF4104CCFF,-57,1089,-52
26/12/2020 15:05:25.525,45587,TILEBOX @321257,60246,B7FF2804A0FF,-73,1064,-96
26/12/2020 15:05:25.552,45613,TILEBOX @321257,60250,B7FF3604C0FF,-73,1078,-64
26/12/2020 15:05:25.582,45643,TILEBOX @321257,60253,95FF2C04A9FF,-107,1068,-87
26/12/2020 15:05:25.606,45667,TILEBOX @321257,60255,D7FF4D040D00,-41,1101,13
26/12/2020 15:05:25.629,45690,TILEBOX @321257,60257,E7FF3C041100,-25,1084,17
26/12/2020 15:05:25.653,45714,TILEBOX @321257,60262,B9FF4304C5FF,-71,1091,-59
26/12/2020 15:05:25.653,45715,TILEBOX @321257,60259,AFFF2004B3FF,-81,1056,-77
26/12/2020 15:05:25.677,45738,TILEBOX @321257,60266,D9FF1E040B00,-39,1054,11
26/12/2020 15:05:25.677,45739,TILEBOX @321257,60264,BFFF2B041B00,-65,1067,27
26/12/2020 15:05:25.703,45764,TILEBOX @321257,60269,24001E04AFFF,36,1054,-81
26/12/2020 15:05:25.732,45793,TILEBOX @321257,60271,5200DD0386FF,82,989,-122
26/12/2020 15:05:25.755,45817,TILEBOX @321257,60273,56006F0393FF,86,879,-109
26/12/2020 15:05:25.778,45840,TILEBOX @321257,60275,4A00D1023B00,74,721,59
26/12/2020 15:05:25.802,45863,TILEBOX @321257,60280,CCFF21029100,-52,545,145
26/12/2020 15:05:25.802,45864,TILEBOX @321257,60278,4A00D1023B00,74,721,59
26/12/2020 15:05:25.825,45886,TILEBOX @321257,60284,7B00B8016BFF,123,440,-149
26/12/2020 15:05:25.825,45887,TILEBOX @321257,60282,F5FFF10187FF,-11,497,-121
26/12/2020 15:05:25.852,45913,TILEBOX @321257,60287,1C001C01BEFF,28,284,-66
26/12/2020 15:05:25.882,45943,TILEBOX @321257,60291,1CFF410143FF,-228,321,-189
26/12/2020 15:05:25.882,45944,TILEBOX @321257,60289,63FFDA0033FF,-157,218,-205
26/12/2020 15:05:25.912,45973,TILEBOX @321257,60293,1A00AF01B4FF,26,431,-76
26/12/2020 15:05:25.942,46003,TILEBOX @321257,60296,60002F0167FF,96,303,-153
26/12/2020 15:05:25.965,46026,TILEBOX @321257,60298,5100D70110FF,81,471,-240
26/12/2020 15:05:25.989,46050,TILEBOX @321257,60302,BEFFB202D6FF,-66,690,-42
26/12/2020 15:05:25.989,46051,TILEBOX @321257,60300,53000203A3FF,83,770,-93
26/12/2020 15:05:26.012,46076,TILEBOX @321257,60305,B6FFFF02FFFF,-74,767,-1
26/12/2020 15:05:26.036,46098,TILEBOX @321257,60309,4C00C603CAFF,76,966,-54
26/12/2020 15:05:26.036,46098,TILEBOX @321257,60307,010019038800,1,793,136
26/12/2020 15:05:26.062,46124,TILEBOX @321257,60311,4D009104C9FE,77,1169,-311
26/12/2020 15:05:26.092,46153,TILEBOX @321257,60314,3E0032045CFF,62,1074,-164
26/12/2020 15:05:26.118,46179,TILEBOX @321257,60316,2C008F04B7FF,44,1167,-73
26/12/2020 15:05:26.141,46202,TILEBOX @321257,60318,2C008F04B7FF,44,1167,-73
26/12/2020 15:05:26.141,46202,TILEBOX @321257,60320,E6FFF504EAFF,-26,1269,-22
26/12/2020 15:05:26.165,46226,TILEBOX @321257,60323,8EFF8104BFFF,-114,1153,-65
26/12/2020 15:05:26.188,46250,TILEBOX @321257,60327,3A00C40465FF,58,1220,-155
26/12/2020 15:05:26.188,46250,TILEBOX @321257,60325,DCFF9A04EBFE,-36,1178,-277
26/12/2020 15:05:26.212,46276,TILEBOX @321257,60329,14005E04B7FF,20,1118,-73
26/12/2020 15:05:26.242,46303,TILEBOX @321257,60332,BBFF3604A5FF,-69,1078,-91
26/12/2020 15:05:26.265,46326,TILEBOX @321257,60334,D4FF1904E7FF,-44,1049,-25
26/12/2020 15:05:26.289,46350,TILEBOX @321257,60338,FDFF6F04B7FF,-3,1135,-73
26/12/2020 15:05:26.289,46350,TILEBOX @321257,60336,1E008604A2FF,30,1158,-94
26/12/2020 15:05:26.313,46376,TILEBOX @321257,60341,15002504A9FF,21,1061,-87
26/12/2020 15:05:26.337,46398,TILEBOX @321257,60345,230077040000,35,1143,0
26/12/2020 15:05:26.337,46399,TILEBOX @321257,60343,370094048FFF,55,1172,-113
26/12/2020 15:05:26.362,46423,TILEBOX @321257,60348,37001F04B4FF,55,1055,-76
26/12/2020 15:05:26.392,46453,TILEBOX @321257,60350,54006D0476FF,84,1133,-138
26/12/2020 15:05:26.416,46477,TILEBOX @321257,60352,3400490456FF,52,1097,-170
26/12/2020 15:05:26.439,46500,TILEBOX @321257,60357,EAFF0F042500,-22,1039,37
26/12/2020 15:05:26.439,46501,TILEBOX @321257,60354,F9FFCB038AFF,-7,971,-118
26/12/2020 15:05:26.463,46526,TILEBOX @321257,60359,EAFF0F042500,-22,1039,37
26/12/2020 15:05:26.487,46548,TILEBOX @321257,60363,FDFF6704BDFF,-3,1127,-67
26/12/2020 15:05:26.487,46548,TILEBOX @321257,60361,F2FF9904EEFF,-14,1177,-18
26/12/2020 15:05:26.512,46573,TILEBOX @321257,60366,0800A404F5FF,8,1188,-11
26/12/2020 15:05:26.536,46597,TILEBOX @321257,60368,EFFF0F05D9FF,-17,1295,-39
26/12/2020 15:05:26.559,46620,TILEBOX @321257,60370,DDFFB604DDFF,-35,1206,-35
26/12/2020 15:05:26.583,46644,TILEBOX @321257,60375,E4FFF5047DFF,-28,1269,-131
26/12/2020 15:05:26.583,46644,TILEBOX @321257,60372,BCFFB004EEFF,-68,1200,-18
26/12/2020 15:05:26.606,46667,TILEBOX @321257,60377,0300F60431FF,3,1270,-207
26/12/2020 15:05:26.632,46694,TILEBOX @321257,60379,CBFFAB046BFF,-53,1195,-149
26/12/2020 15:05:26.632,46694,TILEBOX @321257,60381,8FFFA704DCFF,-113,1191,-36
26/12/2020 15:05:26.662,46723,TILEBOX @321257,60384,6CFFAF041500,-148,1199,21
26/12/2020 15:05:26.685,46747,TILEBOX @321257,60386,9FFF8004C6FF,-97,1152,-58
26/12/2020 15:05:26.708,46769,TILEBOX @321257,60388,D7FF7C048DFF,-41,1148,-115
26/12/2020 15:05:26.732,46794,TILEBOX @321257,60393,E6FF5804B3FF,-26,1112,-77
26/12/2020 15:05:26.732,46794,TILEBOX @321257,60391,E5FF6004A2FF,-27,1120,-94
26/12/2020 15:05:26.756,46817,TILEBOX @321257,60395,D5FF7A04C7FF,-43,1146,-57
26/12/2020 15:05:26.782,46843,TILEBOX @321257,60397,B9FF6504E5FF,-71,1125,-27
26/12/2020 15:05:26.805,46866,TILEBOX @321257,60400,B9FF3304E5FF,-71,1075,-27
26/12/2020 15:05:26.829,46890,TILEBOX @321257,60404,BFFF310485FF,-65,1073,-123
26/12/2020 15:05:26.829,46890,TILEBOX @321257,60402,C3FF3304C6FF,-61,1075,-58
26/12/2020 15:05:26.852,46914,TILEBOX @321257,60406,B2FF2A049BFF,-78,1066,-101
26/12/2020 15:05:26.876,46937,TILEBOX @321257,60411,A6FF0F046DFF,-90,1039,-147
26/12/2020 15:05:26.876,46938,TILEBOX @321257,60409,A2FF1204C4FF,-94,1042,-60
26/12/2020 15:05:26.902,46963,TILEBOX @321257,60413,ABFF1A0455FF,-85,1050,-171
26/12/2020 15:05:26.932,46993,TILEBOX @321257,60415,A6FF09042A00,-90,1033,42
26/12/2020 15:05:26.955,47017,TILEBOX @321257,60418,B2FF11044200,-78,1041,66
26/12/2020 15:05:26.978,47040,TILEBOX @321257,60420,C0FF4804BAFF,-64,1096,-70
26/12/2020 15:05:26.978,47040,TILEBOX @321257,60422,A2FF3404C4FF,-94,1076,-60
26/12/2020 15:05:27.002,47063,TILEBOX @321257,60424,8DFF0F04EFFF,-115,1039,-17
26/12/2020 15:05:27.027,47088,TILEBOX @321257,60429,D2FF3804AEFF,-46,1080,-82
26/12/2020 15:05:27.026,47088,TILEBOX @321257,60427,B9FF1C04DAFF,-71,1052,-38
26/12/2020 15:05:27.052,47113,TILEBOX @321257,60431,F3FF2B0498FF,-13,1067,-104
26/12/2020 15:05:27.082,47143,TILEBOX @321257,60433,1800F703A2FF,24,1015,-94
26/12/2020 15:05:27.105,47166,TILEBOX @321257,60436,3200CE030300,50,974,3
26/12/2020 15:05:27.129,47190,TILEBOX @321257,60440,EFFFFF02E2FF,-17,767,-30
26/12/2020 15:05:27.129,47190,TILEBOX @321257,60438,2A0082030000,42,898,0
26/12/2020 15:05:27.152,47214,TILEBOX @321257,60443,EFFFFF02E2FF,-17,767,-30
26/12/2020 15:05:27.176,47237,TILEBOX @321257,60447,E5FFE501DAFF,-27,485,-38
26/12/2020 15:05:27.176,47238,TILEBOX @321257,60445,F4FF4E020E00,-12,590,14
26/12/2020 15:05:27.202,47263,TILEBOX @321257,60449,3900FB016AFF,57,507,-150
26/12/2020 15:05:27.232,47294,TILEBOX @321257,60454,DCFF10010800,-36,272,8
26/12/2020 15:05:27.232,47294,TILEBOX @321257,60452,B100FA0188FF,177,506,-120
26/12/2020 15:05:27.262,47323,TILEBOX @321257,60456,91FFAD00D7FF,-111,173,-41
26/12/2020 15:05:27.285,47346,TILEBOX @321257,60458,D0FF0B0295FF,-48,523,-107
26/12/2020 15:05:27.308,47369,TILEBOX @321257,60461,47003102A5FF,71,561,-91
26/12/2020 15:05:27.331,47393,TILEBOX @321257,60465,D4FFA30262FF,-44,675,-158
26/12/2020 15:05:27.331,47393,TILEBOX @321257,60463,54008F011EFF,84,399,-226
26/12/2020 15:05:27.355,47416,TILEBOX @321257,60467,E9FF21030800,-23,801,8
26/12/2020 15:05:27.382,47443,TILEBOX @321257,60470,08000F031A00,8,783,26
26/12/2020 15:05:27.405,47467,TILEBOX @321257,60472,3B00AE03DDFF,59,942,-35
26/12/2020 15:05:27.429,47490,TILEBOX @321257,60476,E7008A0335FF,231,906,-203
26/12/2020 15:05:27.429,47490,TILEBOX @321257,60474,2101D00387FF,289,976,-121
26/12/2020 15:05:27.453,47514,TILEBOX @321257,60479,070014043AFF,7,1044,-198
26/12/2020 15:05:27.477,47538,TILEBOX @321257,60483,0F002A041300,15,1066,19
26/12/2020 15:05:27.476,47538,TILEBOX @321257,60481,0F002A041300,15,1066,19
26/12/2020 15:05:27.502,47563,TILEBOX @321257,60485,F8FF320464FF,-8,1074,-156
26/12/2020 15:05:27.525,47587,TILEBOX @321257,60488,14007C04B3FE,20,1148,-333
26/12/2020 15:05:27.549,47610,TILEBOX @321257,60490,F8FF01049BFF,-8,1025,-101
26/12/2020 15:05:27.573,47634,TILEBOX @321257,60494,ADFF3F054400,-83,1343,68
26/12/2020 15:05:27.573,47634,TILEBOX @321257,60492,BAFFB204FDFF,-70,1202,-3
26/12/2020 15:05:27.596,47659,TILEBOX @321257,60497,7BFF62043EFF,-133,1122,-194
26/12/2020 15:05:27.622,47683,TILEBOX @321257,60499,B5FF990457FE,-75,1177,-425
26/12/2020 15:05:27.645,47706,TILEBOX @321257,60501,1800930473FF,24,1171,-141
26/12/2020 15:05:27.669,47731,TILEBOX @321257,60503,D2FF3B0496FF,-46,1083,-106
26/12/2020 15:05:27.669,47731,TILEBOX @321257,60506,A2FF9004A5FF,-94,1168,-91
26/12/2020 15:05:27.693,47754,TILEBOX @321257,60508,C6FF6B0496FF,-58,1131,-106
26/12/2020 15:05:27.717,47778,TILEBOX @321257,60512,51009004A0FF,81,1168,-96
26/12/2020 15:05:27.717,47778,TILEBOX @321257,60510,4500900467FF,69,1168,-153
26/12/2020 15:05:27.742,47803,TILEBOX @321257,60515,15007D049BFF,21,1149,-101
26/12/2020 15:05:27.772,47833,TILEBOX @321257,60517,18006B04B6FF,24,1131,-74
26/12/2020 15:05:27.795,47857,TILEBOX @321257,60519,F2FF8D04B6FF,-14,1165,-74
26/12/2020 15:05:27.819,47880,TILEBOX @321257,60522,D9FF8804F0FF,-39,1160,-16
26/12/2020 15:05:27.819,47880,TILEBOX @321257,60524,D9FF8804F0FF,-39,1160,-16
26/12/2020 15:05:27.843,47904,TILEBOX @321257,60526,B2FFA4041400,-78,1188,20
26/12/2020 15:05:27.867,47928,TILEBOX @321257,60531,B9FFC304FEFF,-71,1219,-2
26/12/2020 15:05:27.866,47928,TILEBOX @321257,60528,BEFFDA040B00,-66,1242,11
26/12/2020 15:05:27.892,47953,TILEBOX @321257,60533,A3FFF004E3FF,-93,1264,-29
26/12/2020 15:05:27.922,47983,TILEBOX @321257,60535,EEFFAF04E8FF,-18,1199,-24
26/12/2020 15:05:27.946,48007,TILEBOX @321257,60537,0F00B804BBFF,15,1208,-69
26/12/2020 15:05:27.969,48030,TILEBOX @321257,60542,C1FFB1042B00,-63,1201,43
26/12/2020 15:05:27.969,48030,TILEBOX @321257,60540,0C0001058FFF,12,1281,-113
26/12/2020 15:05:27.992,48054,TILEBOX @321257,60544,6FFF75049300,-145,1141,147
26/12/2020 15:05:28.016,48077,TILEBOX @321257,60549,BEFF4C04B8FF,-66,1100,-72
26/12/2020 15:05:28.016,48078,TILEBOX @321257,60546,75FF65041D00,-139,1125,29
26/12/2020 15:05:28.042,48103,TILEBOX @321257,60551,14004204ABFF,20,1090,-85
26/12/2020 15:05:28.072,48133,TILEBOX @321257,60553,15002604CBFF,21,1062,-53
26/12/2020 15:05:28.095,48157,TILEBOX @321257,60555,FAFF2E04D6FF,-6,1070,-42
26/12/2020 15:05:28.119,48181,TILEBOX @321257,60560,BEFF3604A0FF,-66,1078,-96
26/12/2020 15:05:28.119,48182,TILEBOX @321257,60558,DCFF5204B4FF,-36,1106,-76
26/12/2020 15:05:28.143,48204,TILEBOX @321257,60562,8EFF0B04F2FF,-114,1035,-14
26/12/2020 15:05:28.167,48228,TILEBOX @321257,60567,A1FF09041800,-95,1033,24
26/12/2020 15:05:28.166,48228,TILEBOX @321257,60564,8EFF0B04F2FF,-114,1035,-14
26/12/2020 15:05:28.192,48253,TILEBOX @321257,60569,DAFF3304C9FF,-38,1075,-55
26/12/2020 15:05:28.222,48283,TILEBOX @321257,60571,D2FF2504BCFF,-46,1061,-68
26/12/2020 15:05:28.245,48307,TILEBOX @321257,60573,B0FF2004C7FF,-80,1056,-57
26/12/2020 15:05:28.269,48330,TILEBOX @321257,60578,EBFF1A04DCFF,-21,1050,-36
26/12/2020 15:05:28.269,48331,TILEBOX @321257,60576,A9FF3504C6FF,-87,1077,-58
26/12/2020 15:05:28.293,48354,TILEBOX @321257,60580,F2FF2104EEFF,-14,1057,-18
26/12/2020 15:05:28.317,48378,TILEBOX @321257,60585,A1FF35049EFF,-95,1077,-98
26/12/2020 15:05:28.317,48378,TILEBOX @321257,60582,9FFF2904F3FF,-97,1065,-13
26/12/2020 15:05:28.342,48403,TILEBOX @321257,60587,D1FF3F0468FF,-47,1087,-152
26/12/2020 15:05:28.366,48427,TILEBOX @321257,60589,E1FF2904C5FF,-31,1065,-59
26/12/2020 15:05:28.389,48451,TILEBOX @321257,60591,D0FF27043100,-48,1063,49
26/12/2020 15:05:28.414,48475,TILEBOX @321257,60594,CCFF3604E9FF,-52,1078,-23
26/12/2020 15:05:28.414,48476,TILEBOX @321257,60596,F1FF27049DFF,-15,1063,-99
26/12/2020 15:05:28.438,48499,TILEBOX @321257,60598,4F001604E5FF,79,1046,-27
26/12/2020 15:05:28.463,48524,TILEBOX @321257,60603,6300B103D4FF,99,945,-44
26/12/2020 15:05:28.463,48526,TILEBOX @321257,60600,7500F803EAFF,117,1016,-22
26/12/2020 15:05:28.492,48553,TILEBOX @321257,60605,6300B103D4FF,99,945,-44
26/12/2020 15:05:28.515,48576,TILEBOX @321257,60607,20004603F3FF,32,838,-13
26/12/2020 15:05:28.539,48600,TILEBOX @321257,60609,DDFF94024600,-35,660,70
26/12/2020 15:05:28.563,48626,TILEBOX @321257,60614,3000180269FF,48,536,-151
26/12/2020 15:05:28.563,48626,TILEBOX @321257,60612,E8FF0202F8FF,-24,514,-8
26/12/2020 15:05:28.587,48648,TILEBOX @321257,60616,5D00F20164FF,93,498,-156
26/12/2020 15:05:28.612,48673,TILEBOX @321257,60619,2F0002019DFF,47,258,-99
26/12/2020 15:05:28.636,48697,TILEBOX @321257,60621,A2FFB100A6FF,-94,177,-90
26/12/2020 15:05:28.659,48720,TILEBOX @321257,60623,6CFFD101A9FF,-148,465,-87
26/12/2020 15:05:28.683,48744,TILEBOX @321257,60625,09004E02B9FF,9,590,-71
26/12/2020 15:05:28.683,48745,TILEBOX @321257,60628,2400E501C3FF,36,485,-61
26/12/2020 15:05:28.707,48768,TILEBOX @321257,60630,7B00A302EFFF,123,675,-17
26/12/2020 15:05:28.707,48769,TILEBOX @321257,60632,6E002B033A00,110,811,58
26/12/2020 15:05:28.732,48793,TILEBOX @321257,60634,D7FF8E0373FF,-41,910,-141
26/12/2020 15:05:28.762,48824,TILEBOX @321257,60637,C3FFF70350FF,-61,1015,-176
26/12/2020 15:05:28.786,48847,TILEBOX @321257,60639,DBFFCC03A6FF,-37,972,-90
26/12/2020 15:05:28.810,48871,TILEBOX @321257,60641,3800EB03D1FE,56,1003,-303
26/12/2020 15:05:28.810,48872,TILEBOX @321257,60643,75006D042EFF,117,1133,-210
26/12/2020 15:05:28.834,48895,TILEBOX @321257,60646,0C005D04BCFF,12,1117,-68
26/12/2020 15:05:28.858,48919,TILEBOX @321257,60650,84FF210481FF,-124,1057,-127
26/12/2020 15:05:28.857,48919,TILEBOX @321257,60648,0C005D04BCFF,12,1117,-68
26/12/2020 15:05:28.882,48944,TILEBOX @321257,60652,82FF4F0456FF,-126,1103,-170
26/12/2020 15:05:28.912,48973,TILEBOX @321257,60655,BDFFF10378FF,-67,1009,-136
26/12/2020 15:05:28.942,49003,TILEBOX @321257,60657,F1FF0704C1FF,-15,1031,-63
26/12/2020 15:05:28.942,49004,TILEBOX @321257,60659,E7FFA8042200,-25,1192,34
26/12/2020 15:05:28.966,49027,TILEBOX @321257,60661,A5FF3704DEFF,-91,1079,-34
26/12/2020 15:05:28.990,49051,TILEBOX @321257,60664,BAFFD10372FF,-70,977,-142
26/12/2020 15:05:29.014,49075,TILEBOX @321257,60666,1F00A40452FF,31,1188,-174
26/12/2020 15:05:29.014,49076,TILEBOX @321257,60668,49008A0461FF,73,1162,-159
26/12/2020 15:05:29.038,49099,TILEBOX @321257,60670,4100EF03A1FF,65,1007,-95
26/12/2020 15:05:29.062,49123,TILEBOX @321257,60673,040094043AFF,4,1172,-198
26/12/2020 15:05:29.086,49147,TILEBOX @321257,60675,B9FFB70402FF,-71,1207,-254
26/12/2020 15:05:29.110,49171,TILEBOX @321257,60677,C7FF0004A0FF,-57,1024,-96
26/12/2020 15:05:29.110,49176,TILEBOX @321257,60679,10001C04FFFF,16,1052,-1
26/12/2020 15:05:29.134,49195,TILEBOX @321257,60682,03005904D9FF,3,1113,-39
26/12/2020 15:05:29.158,49219,TILEBOX @321257,60686,E5FF4F04DAFF,-27,1103,-38
26/12/2020 15:05:29.157,49219,TILEBOX @321257,60684,13002C04DAFF,19,1068,-38
26/12/2020 15:05:29.182,49243,TILEBOX @321257,60688,E5FF4F04DAFF,-27,1103,-38
26/12/2020 15:05:29.212,49273,TILEBOX @321257,60691,92FF6B04CAFF,-110,1131,-54
26/12/2020 15:05:29.235,49296,TILEBOX @321257,60693,CCFF8204F2FF,-52,1154,-14
26/12/2020 15:05:29.260,49322,TILEBOX @321257,60695,C7FFBA040800,-57,1210,8
26/12/2020 15:05:29.260,49322,TILEBOX @321257,60698,C3FFD904EDFF,-61,1241,-19
26/12/2020 15:05:29.284,49346,TILEBOX @321257,60700,E8FFE804DEFF,-24,1256,-34
26/12/2020 15:05:29.307,49369,TILEBOX @321257,60702,C3FFC804E4FF,-61,1224,-28
26/12/2020 15:05:29.307,49369,TILEBOX @321257,60704,BAFF95042500,-70,1173,37
26/12/2020 15:05:29.332,49393,TILEBOX @321257,60707,C4FFA2044F00,-60,1186,79
26/12/2020 15:05:29.355,49416,TILEBOX @321257,60709,79FF98041A00,-135,1176,26
26/12/2020 15:05:29.378,49440,TILEBOX @321257,60711,98FF9004DEFF,-104,1168,-34
26/12/2020 15:05:29.402,49463,TILEBOX @321257,60713,E8FF6C04C9FF,-24,1132,-55
26/12/2020 15:05:29.402,49463,TILEBOX @321257,60716,A5FF6004D5FF,-91,1120,-43
26/12/2020 15:05:29.425,49486,TILEBOX @321257,60718,62FF6104E2FF,-158,1121,-30
26/12/2020 15:05:29.452,49513,TILEBOX @321257,60720,AFFF4104B8FF,-81,1089,-72
26/12/2020 15:05:29.476,49537,TILEBOX @321257,60722,DFFF5204CFFF,-33,1106,-49
26/12/2020 15:05:29.499,49561,TILEBOX @321257,60725,B8FF2E04F3FF,-72,1070,-13
26/12/2020 15:05:29.500,49561,TILEBOX @321257,60727,ACFF2304AEFF,-84,1059,-82
26/12/2020 15:05:29.523,49584,TILEBOX @321257,60729,ACFF2304AEFF,-84,1059,-82
26/12/2020 15:05:29.547,49608,TILEBOX @321257,60731,BBFF4104A3FF,-69,1089,-93
26/12/2020 15:05:29.547,49609,TILEBOX @321257,60734,C6FF46049CFF,-58,1094,-100
26/12/2020 15:05:29.572,49633,TILEBOX @321257,60736,A3FF0A04B6FF,-93,1034,-74
26/12/2020 15:05:29.602,49663,TILEBOX @321257,60738,B2FF1504D6FF,-78,1045,-42
26/12/2020 15:05:29.602,49664,TILEBOX @321257,60741,BDFF2B04DAFF,-67,1067,-38
26/12/2020 15:05:29.632,49693,TILEBOX @321257,60743,A4FF0804DFFF,-92,1032,-33
26/12/2020 15:05:29.655,49716,TILEBOX @321257,60745,9CFF2604B0FF,-100,1062,-80
26/12/2020 15:05:29.678,49739,TILEBOX @321257,60747,9CFF2D04A7FF,-100,1069,-89
26/12/2020 15:05:29.701,49763,TILEBOX @321257,60750,BCFF0404D2FF,-68,1028,-46
26/12/2020 15:05:29.701,49763,TILEBOX @321257,60752,CAFF0204C6FF,-54,1026,-58
26/12/2020 15:05:29.725,49786,TILEBOX @321257,60754,C8FF1904AFFF,-56,1049,-81
26/12/2020 15:05:29.754,49815,TILEBOX @321257,60756,C2FF1404BDFF,-62,1044,-67
26/12/2020 15:05:29.778,49840,TILEBOX @321257,60759,DDFF2304D1FF,-35,1059,-47
26/12/2020 15:05:29.803,49865,TILEBOX @321257,60763,E5FF1804C5FF,-27,1048,-59
26/12/2020 15:05:29.803,49865,TILEBOX @321257,60761,10002B04E2FF,16,1067,-30
26/12/2020 15:05:29.827,49888,TILEBOX @321257,60765,C7FF1E0494FF,-57,1054,-108
26/12/2020 15:05:29.871,49933,TILEBOX @321257,60768,1200400489FF,18,1088,-119
26/12/2020 15:05:29.871,49933,TILEBOX @321257,60770,1200400489FF,18,1088,-119
26/12/2020 15:05:29.925,49986,TILEBOX @321257,60772,3100240494FF,49,1060,-108
26/12/2020 15:05:29.925,49987,TILEBOX @321257,60774,1800D903ACFF,24,985,-84
26/12/2020 15:05:29.925,49987,TILEBOX @321257,60777,2600C003B9FF,38,960,-71
26/12/2020 15:05:29.950,50011,TILEBOX @321257,60779,2D009803B3FF,45,920,-77
26/12/2020 15:05:29.950,50012,TILEBOX @321257,60781,01004803CFFF,1,840,-49
26/12/2020 15:05:29.973,50035,TILEBOX @321257,60783,4B002603D4FF,75,806,-44
26/12/2020 15:05:29.998,50059,TILEBOX @321257,60786,880004031600,136,772,22
26/12/2020 15:05:29.998,50060,TILEBOX @321257,60788,3D009D023700,61,669,55
26/12/2020 15:05:30.026,50087,TILEBOX @321257,60790,40008502FEFF,64,645,-2
26/12/2020 15:05:30.052,50113,TILEBOX @321257,60792,1800B2025200,24,690,82
26/12/2020 15:05:30.079,50140,TILEBOX @321257,60795,8000DA02E5FF,128,730,-27
26/12/2020 15:05:30.105,50166,TILEBOX @321257,60799,220028033200,34,808,50
26/12/2020 15:05:30.105,50167,TILEBOX @321257,60797,CC00160369FF,204,790,-151
26/12/2020 15:05:30.132,50194,TILEBOX @321257,60801,EBFFF1021500,-21,753,21
26/12/2020 15:05:30.160,50222,TILEBOX @321257,60804,1300280389FF,19,808,-119
26/12/2020 15:05:30.160,50222,TILEBOX @321257,60806,E90012044500,233,1042,69
26/12/2020 15:05:30.186,50247,TILEBOX @321257,60808,D0002404B200,208,1060,178
26/12/2020 15:05:30.186,50248,TILEBOX @321257,60810,D0002404B200,208,1060,178
26/12/2020 15:05:30.213,50278,TILEBOX @321257,60813,0100B8032A00,1,952,42
26/12/2020 15:05:30.239,50301,TILEBOX @321257,60815,2200F60399FF,34,1014,-103
26/12/2020 15:05:30.240,50301,TILEBOX @321257,60817,A80077041300,168,1143,19
26/12/2020 15:05:30.266,50327,TILEBOX @321257,60820,A5007F04A700,165,1151,167
26/12/2020 15:05:30.294,50355,TILEBOX @321257,60824,12000704F3FF,18,1031,-13
26/12/2020 15:05:30.294,50355,TILEBOX @321257,60822,1600EE031D00,22,1006,29
26/12/2020 15:05:30.322,50383,TILEBOX @321257,60826,6B0070044300,107,1136,67
26/12/2020 15:05:30.348,50409,TILEBOX @321257,60829,900050045200,144,1104,82
26/12/2020 15:05:30.372,50433,TILEBOX @321257,60831,7700F6036000,119,1014,96
26/12/2020 15:05:30.397,50458,TILEBOX @321257,60835,540000040F00,84,1024,15
26/12/2020 15:05:30.396,50461,TILEBOX @321257,60833,4C00F1034E00,76,1009,78
26/12/2020 15:05:30.421,50483,TILEBOX @321257,60838,8300D5034100,131,981,65
26/12/2020 15:05:30.446,50511,TILEBOX @321257,60842,8100BB035B00,129,955,91
26/12/2020 15:05:30.446,50511,TILEBOX @321257,60840,7600C6037600,118,966,118
26/12/2020 15:05:30.472,50533,TILEBOX @321257,60844,7400B8034300,116,952,67
26/12/2020 15:05:30.496,50557,TILEBOX @321257,60847,4600A1032100,70,929,33
26/12/2020 15:05:30.520,50581,TILEBOX @321257,60849,50008603BDFF,80,902,-67
26/12/2020 15:05:30.544,50605,TILEBOX @321257,60853,9F00A003E5FF,159,928,-27
26/12/2020 15:05:30.544,50606,TILEBOX @321257,60851,5000A003E5FF,80,928,-27
26/12/2020 15:05:30.569,50630,TILEBOX @321257,60856,BB00AE03A200,187,942,162
26/12/2020 15:05:30.592,50653,TILEBOX @321257,60858,6A0079036200,106,889,98
26/12/2020 15:05:30.592,50654,TILEBOX @321257,60860,B9007703FDFF,185,887,-3
26/12/2020 15:05:30.622,50683,TILEBOX @321257,60862,F000B2034700,240,946,71
26/12/2020 15:05:30.646,50711,TILEBOX @321257,60865,8500A7032800,133,935,40
26/12/2020 15:05:30.671,50732,TILEBOX @321257,60867,8B006F03F3FF,139,879,-13
26/12/2020 15:05:30.697,50759,TILEBOX @321257,60869,DA0092030B00,218,914,11
26/12/2020 15:05:30.697,50759,TILEBOX @321257,60871,F000CD030800,240,973,8
26/12/2020 15:05:30.724,50785,TILEBOX @321257,60874,D400CE032900,212,974,41
26/12/2020 15:05:30.748,50810,TILEBOX @321257,60878,B900D3035C00,185,979,92
26/12/2020 15:05:30.748,50810,TILEBOX @321257,60876,B100BE03A300,177,958,163
26/12/2020 15:05:30.772,50834,TILEBOX @321257,60880,E400EF03AEFF,228,1007,-82
26/12/2020 15:05:30.773,50834,TILEBOX @321257,60883,0D01F603F5FF,269,1014,-11
26/12/2020 15:05:30.803,50864,TILEBOX @321257,60885,C500EA036700,197,1002,103
26/12/2020 15:05:30.832,50893,TILEBOX @321257,60887,7300BA032800,115,954,40
26/12/2020 15:05:30.857,50919,TILEBOX @321257,60889,D200D603DAFF,210,982,-38
26/12/2020 15:05:30.882,50943,TILEBOX @321257,60892,2B0104042A00,299,1028,42
26/12/2020 15:05:30.905,50967,TILEBOX @321257,60896,E300C1037700,227,961,119
26/12/2020 15:05:30.905,50967,TILEBOX @321257,60894,2B0104042A00,299,1028,42
26/12/2020 15:05:30.930,50991,TILEBOX @321257,60898,7800A3031600,120,931,22
26/12/2020 15:05:30.930,50994,TILEBOX @321257,60901,7B00B703BAFF,123,951,-70
26/12/2020 15:05:30.955,51016,TILEBOX @321257,60903,EA00CD03FCFF,234,973,-4
26/12/2020 15:05:30.982,51043,TILEBOX @321257,60905,E200EB032800,226,1003,40
26/12/2020 15:05:31.007,51068,TILEBOX @321257,60907,9000BA030700,144,954,7
26/12/2020 15:05:31.032,51093,TILEBOX @321257,60910,C000AC030100,192,940,1
26/12/2020 15:05:31.056,51118,TILEBOX @321257,60914,E7000F04F5FF,231,1039,-11
26/12/2020 15:05:31.056,51118,TILEBOX @321257,60912,F4000404E4FF,244,1028,-28
26/12/2020 15:05:31.082,51143,TILEBOX @321257,60919,ED00F8030600,237,1016,6
26/12/2020 15:05:31.081,51143,TILEBOX @321257,60917,E200E9030E00,226,1001,14
26/12/2020 15:05:31.105,51167,TILEBOX @321257,60921,ED000804CFFF,237,1032,-49
26/12/2020 15:05:31.132,51194,TILEBOX @321257,60923,DB000904BEFF,219,1033,-66
26/12/2020 15:05:31.157,51218,TILEBOX @321257,60926,0301E7030900,259,999,9
26/12/2020 15:05:31.182,51243,TILEBOX @321257,60930,0401E303B2FF,260,995,-78
26/12/2020 15:05:31.181,51243,TILEBOX @321257,60928,2501D6030000,293,982,0
26/12/2020 15:05:31.205,51267,TILEBOX @321257,60932,DC00D203BEFF,220,978,-66
26/12/2020 15:05:31.230,51291,TILEBOX @321257,60937,F200B303E1FF,242,947,-31
26/12/2020 15:05:31.230,51295,TILEBOX @321257,60935,DC00D203BEFF,220,978,-66
26/12/2020 15:05:31.255,51316,TILEBOX @321257,60939,0801A703D8FF,264,935,-40
26/12/2020 15:05:31.282,51343,TILEBOX @321257,60941,E0009E03DEFF,224,926,-34
26/12/2020 15:05:31.307,51368,TILEBOX @321257,60944,ED00840392FF,237,900,-110
26/12/2020 15:05:31.331,51392,TILEBOX @321257,60948,D8008803C4FF,216,904,-60
26/12/2020 15:05:31.331,51393,TILEBOX @321257,60946,EF00610397FF,239,865,-105
26/12/2020 15:05:31.355,51416,TILEBOX @321257,60950,F1009803C0FF,241,920,-64
26/12/2020 15:05:31.379,51440,TILEBOX @321257,60955,90003D03B0FF,144,829,-80
26/12/2020 15:05:31.379,51444,TILEBOX @321257,60953,DE005703E9FF,222,855,-23
26/12/2020 15:05:31.403,51464,TILEBOX @321257,60957,BC00500348FF,188,848,-184
26/12/2020 15:05:31.432,51494,TILEBOX @321257,60959,22019B039BFF,290,923,-101
26/12/2020 15:05:31.457,51518,TILEBOX @321257,60962,CE007D03F4FF,206,893,-12
26/12/2020 15:05:31.481,51542,TILEBOX @321257,60966,9800B4042903,152,1204,809
26/12/2020 15:05:31.481,51543,TILEBOX @321257,60964,DB0069035FFF,219,873,-161
26/12/2020 15:05:31.505,51566,TILEBOX @321257,60969,9F00A802C402,159,680,708
26/12/2020 15:05:31.530,51591,TILEBOX @321257,60971,4401C40294FC,324,708,-876
26/12/2020 15:05:31.530,51595,TILEBOX @321257,60973,93004401DCFE,147,324,-292
26/12/2020 15:05:31.555,51616,TILEBOX @321257,60975,93004401DCFE,147,324,-292
26/12/2020 15:05:31.582,51643,TILEBOX @321257,60978,6100F0006EFF,97,240,-146
26/12/2020 15:05:31.607,51668,TILEBOX @321257,60980,99FE1703D1FD,-359,791,-559
26/12/2020 15:05:31.632,51693,TILEBOX @321257,60984,7AFFBF02EBFC,-134,703,-789
26/12/2020 15:05:31.632,51694,TILEBOX @321257,60982,43FE930206FD,-445,659,-762
26/12/2020 15:05:31.656,51717,TILEBOX @321257,60987,FFFE2F02B2FE,-257,559,-334
26/12/2020 15:05:31.681,51742,TILEBOX @321257,60991,1E0271049303,542,1137,915
26/12/2020 15:05:31.681,51743,TILEBOX @321257,60989,22FFC602CCFE,-222,710,-308
26/12/2020 15:05:31.705,51767,TILEBOX @321257,60993,8002BF03AE03,640,959,942
26/12/2020 15:05:31.732,51793,TILEBOX @321257,60996,CDFF7C03FCFF,-51,892,-4
26/12/2020 15:05:31.756,51817,TILEBOX @321257,60998,2B01AB0481FF,299,1195,-127
26/12/2020 15:05:31.781,51842,TILEBOX @321257,61002,AF00F10201FF,175,753,-255
26/12/2020 15:05:31.781,51843,TILEBOX @321257,61000,4B013F0385FE,331,831,-379
26/12/2020 15:05:31.805,51866,TILEBOX @321257,61005,5A01230320FF,346,803,-224
26/12/2020 15:05:31.830,51891,TILEBOX @321257,61007,01019E0307FF,257,926,-249
26/12/2020 15:05:31.830,51892,TILEBOX @321257,61009,F800D003D2FF,248,976,-46
26/12/2020 15:05:31.856,51918,TILEBOX @321257,61011,3101FD03E5FF,305,1021,-27
26/12/2020 15:05:31.882,51943,TILEBOX @321257,61014,4E010004E2FF,334,1024,-30
26/12/2020 15:05:31.906,51968,TILEBOX @321257,61016,4E010004E2FF,334,1024,-30
26/12/2020 15:05:31.932,51993,TILEBOX @321257,61020,9500C703A0FE,149,967,-352
26/12/2020 15:05:31.932,51993,TILEBOX @321257,61018,DB00C80344FF,219,968,-188
26/12/2020 15:05:31.956,52017,TILEBOX @321257,61023,E3009803EBFE,227,920,-277
26/12/2020 15:05:31.981,52042,TILEBOX @321257,61027,3801DD035FFF,312,989,-161
26/12/2020 15:05:31.981,52043,TILEBOX @321257,61025,ED006803D1FE,237,872,-303
26/12/2020 15:05:32.005,52066,TILEBOX @321257,61030,7E0114048AFF,382,1044,-118
26/12/2020 15:05:32.032,52093,TILEBOX @321257,61032,2501BC0310FF,293,956,-240
26/12/2020 15:05:32.056,52117,TILEBOX @321257,61034,D70077032BFF,215,887,-213
26/12/2020 15:05:32.081,52146,TILEBOX @321257,61039,ED00BA03E3FE,237,954,-285
26/12/2020 15:05:32.081,52146,TILEBOX @321257,61036,E200AF03EFFE,226,943,-273
26/12/2020 15:05:32.105,52166,TILEBOX @321257,61041,1B01A40326FF,283,932,-218
26/12/2020 15:05:32.131,52192,TILEBOX @321257,61045,F700CE0335FF,247,974,-203
26/12/2020 15:05:32.131,52192,TILEBOX @321257,61043,1201CA0315FF,274,970,-235
26/12/2020 15:05:32.155,52217,TILEBOX @321257,61050,C8008F03FEFE,200,911,-258
26/12/2020 15:05:32.155,52217,TILEBOX @321257,61048,EB00AF0346FF,235,943,-186
26/12/2020 15:05:32.182,52244,TILEBOX @321257,61052,D7009503E9FE,215,917,-279
26/12/2020 15:05:32.212,52273,TILEBOX @321257,61054,E500A503E1FE,229,933,-287
26/12/2020 15:05:32.212,52274,TILEBOX @321257,61057,E500A503E1FE,229,933,-287
26/12/2020 15:05:32.242,52304,TILEBOX @321257,61059,EF00BA03D9FE,239,954,-295
26/12/2020 15:05:32.272,52333,TILEBOX @321257,61061,1201BA03FFFE,274,954,-257
26/12/2020 15:05:32.297,52358,TILEBOX @321257,61063,0101A8031EFF,257,936,-226
26/12/2020 15:05:32.322,52383,TILEBOX @321257,61068,CF009903F1FE,207,921,-271
26/12/2020 15:05:32.322,52384,TILEBOX @321257,61066,C600A00314FF,198,928,-236
26/12/2020 15:05:32.347,52409,TILEBOX @321257,61070,D7009503EEFE,215,917,-274
26/12/2020 15:05:32.376,52438,TILEBOX @321257,61073,BD00A403E9FE,189,932,-279
26/12/2020 15:05:32.377,52439,TILEBOX @321257,61075,EF00BA03CFFE,239,954,-305
26/12/2020 15:05:32.404,52465,TILEBOX @321257,61077,F800BC03DAFE,248,956,-294
26/12/2020 15:05:32.429,52490,TILEBOX @321257,61082,CF009703E4FE,207,919,-284
26/12/2020 15:05:32.429,52496,TILEBOX @321257,61079,C600A103F0FE,198,929,-272
26/12/2020 15:05:32.458,52519,TILEBOX @321257,61084,C7009C03DFFE,199,924,-289
26/12/2020 15:05:32.458,52520,TILEBOX @321257,61086,CC00B203E5FE,204,946,-283
26/12/2020 15:05:32.494,52555,TILEBOX @321257,61088,F000C703DFFE,240,967,-289
26/12/2020 15:05:32.519,52581,TILEBOX @321257,61093,C800A503D7FE,200,933,-297
26/12/2020 15:05:32.519,52581,TILEBOX @321257,61091,E100BD03D7FE,225,957,-297
26/12/2020 15:05:32.545,52607,TILEBOX @321257,61095,C1009103D5FE,193,913,-299
26/12/2020 15:05:32.572,52633,TILEBOX @321257,61097,C1009703D5FE,193,919,-299
26/12/2020 15:05:32.597,52658,TILEBOX @321257,61100,C5009703E1FE,197,919,-287
26/12/2020 15:05:32.624,52686,TILEBOX @321257,61104,D1009B03DAFE,209,923,-294
26/12/2020 15:05:32.624,52686,TILEBOX @321257,61102,D3009C03E6FE,211,924,-282
26/12/2020 15:05:32.650,52711,TILEBOX @321257,61106,D100AD03DAFE,209,941,-294
26/12/2020 15:05:32.676,52737,TILEBOX @321257,61111,D100AF03D7FE,209,943,-297
26/12/2020 15:05:32.676,52737,TILEBOX @321257,61109,DB00BA03D2FE,219,954,-302
26/12/2020 15:05:32.702,52763,TILEBOX @321257,61113,BA009A03E1FE,186,922,-287
26/12/2020 15:05:32.727,52789,TILEBOX @321257,61116,C7009B03E2FE,199,923,-286
26/12/2020 15:05:32.753,52815,TILEBOX @321257,61118,D600A403E0FE,214,932,-288
26/12/2020 15:05:32.753,52815,TILEBOX @321257,61122,D100AF03D2FE,209,943,-302
26/12/2020 15:05:32.753,52816,TILEBOX @321257,61120,C700A203E1FE,199,930,-287
26/12/2020 15:05:32.782,52844,TILEBOX @321257,61125,C600B903C2FE,198,953,-318
26/12/2020 15:05:32.812,52873,TILEBOX @321257,61127,BF00AB03D1FE,191,939,-303
26/12/2020 15:05:32.812,52874,TILEBOX @321257,61129,C800A203DDFE,200,930,-291
26/12/2020 15:05:32.842,52903,TILEBOX @321257,61131,C400A003DDFE,196,928,-291
26/12/2020 15:05:32.872,52934,TILEBOX @321257,61134,CA009803D7FE,202,920,-297
26/12/2020 15:05:32.872,52934,TILEBOX @321257,61136,CE009203D9FE,206,914,-295
