23/04/2021 20:18:44.313,25112,TILEBOX @322157,63476,8E00E9001A24,0.0142,0.0233,0.9242,0.3809328
23/04/2021 20:18:44.313,25113,TILEBOX @322157,63476,8E00E9001A24,0.0142,0.0233,0.9242,0.3809328
23/04/2021 20:18:44.313,25113,TILEBOX @322157,63476,8F00EA001A24,0.0143,0.0234,0.9242,0.380923
23/04/2021 20:18:44.373,25160,TILEBOX @322157,63483,8F00E9001A24,0.0143,0.0233,0.9242,0.3809291
23/04/2021 20:18:44.373,25160,TILEBOX @322157,63483,8F00E9001A24,0.0143,0.0233,0.9242,0.3809291
23/04/2021 20:18:44.373,25161,TILEBOX @322157,63483,8F00EA001A24,0.0143,0.0234,0.9242,0.380923
23/04/2021 20:18:44.433,25220,TILEBOX @322157,63491,8F00E9001A24,0.0143,0.0233,0.9242,0.3809291
23/04/2021 20:18:44.433,25221,TILEBOX @322157,63491,8F00E9001A24,0.0143,0.0233,0.9242,0.3809291
23/04/2021 20:18:44.433,25221,TILEBOX @322157,63491,8F00E9001A24,0.0143,0.0233,0.9242,0.3809291
23/04/2021 20:18:44.493,25280,TILEBOX @322157,63498,8F00EA001B24,0.0143,0.0234,0.9243,0.3806802
23/04/2021 20:18:44.493,25280,TILEBOX @322157,63498,8F00EA001A24,0.0143,0.0234,0.9242,0.380923
23/04/2021 20:18:44.493,25281,TILEBOX @322157,63498,8F00E9001A24,0.0143,0.0233,0.9242,0.3809291
23/04/2021 20:18:44.553,25340,TILEBOX @322157,63506,8F00EA001B24,0.0143,0.0234,0.9243,0.3806802
23/04/2021 20:18:44.553,25340,TILEBOX @322157,63506,8F00EA001A24,0.0143,0.0234,0.9242,0.380923
23/04/2021 20:18:44.553,25340,TILEBOX @322157,63506,8F00EA001B24,0.0143,0.0234,0.9243,0.3806802
23/04/2021 20:18:44.613,25400,TILEBOX @322157,63513,9000EB001B24,0.0144,0.0235,0.9243,0.3806703
23/04/2021 20:18:44.613,25401,TILEBOX @322157,63513,9100EB001B24,0.0145,0.0235,0.9243,0.3806664
23/04/2021 20:18:44.613,25401,TILEBOX @322157,63513,9000EA001B24,0.0144,0.0234,0.9243,0.3806764
23/04/2021 20:18:44.703,25490,TILEBOX @322157,63521,9200ED001B24,0.0146,0.0237,0.9243,0.3806502
23/04/2021 20:18:44.703,25490,TILEBOX @322157,63521,9300ED001B24,0.0147,0.0237,0.9243,0.3806464
23/04/2021 20:18:44.703,25491,TILEBOX @322157,63521,9200EC001B24,0.0146,0.0236,0.9243,0.3806565
23/04/2021 20:18:44.763,25550,TILEBOX @322157,63528,9500EF001B24,0.0149,0.0239,0.9243,0.3806261
23/04/2021 20:18:44.763,25551,TILEBOX @322157,63528,9600F0001B24,0.015,0.024,0.9243,0.3806159
23/04/2021 20:18:44.763,25551,TILEBOX @322157,63528,9400EE001B24,0.0148,0.0238,0.9243,0.3806363
23/04/2021 20:18:44.823,25610,TILEBOX @322157,63536,9700F0001B24,0.0151,0.024,0.9243,0.380612
23/04/2021 20:18:44.823,25610,TILEBOX @322157,63536,9800F2001B24,0.0152,0.0242,0.9243,0.3805953
23/04/2021 20:18:44.823,25611,TILEBOX @322157,63536,9800F1001B24,0.0152,0.0241,0.9243,0.3806016
23/04/2021 20:18:44.883,25670,TILEBOX @322157,63543,9900F3001B24,0.0153,0.0243,0.9243,0.3805849
23/04/2021 20:18:44.883,25671,TILEBOX @322157,63543,9B00F4001B24,0.0155,0.0244,0.9243,0.3805704
23/04/2021 20:18:44.883,25670,TILEBOX @322157,63543,9A00F4001B24,0.0154,0.0244,0.9243,0.3805745
23/04/2021 20:18:44.943,25730,TILEBOX @322157,63551,9C00F5001B24,0.0156,0.0245,0.9243,0.38056
23/04/2021 20:18:44.943,25731,TILEBOX @322157,63551,9D00F6001B24,0.0157,0.0246,0.9243,0.3805494
23/04/2021 20:18:44.943,25731,TILEBOX @322157,63551,9C00F5001B24,0.0156,0.0245,0.9243,0.38056
23/04/2021 20:18:45.003,25790,TILEBOX @322157,63558,9E00F6001B24,0.0158,0.0246,0.9243,0.3805452
23/04/2021 20:18:45.003,25790,TILEBOX @322157,63558,9E00F6001B24,0.0158,0.0246,0.9243,0.3805452
23/04/2021 20:18:45.003,25791,TILEBOX @322157,63558,9D00F6001B24,0.0157,0.0246,0.9243,0.3805494
23/04/2021 20:18:45.063,25851,TILEBOX @322157,63566,9F00F6001B24,0.0159,0.0246,0.9243,0.3805411
23/04/2021 20:18:45.063,25851,TILEBOX @322157,63566,9F00F6001B24,0.0159,0.0246,0.9243,0.3805411
23/04/2021 20:18:45.063,25852,TILEBOX @322157,63566,9E00F6001B24,0.0158,0.0246,0.9243,0.3805452
23/04/2021 20:18:45.123,25910,TILEBOX @322157,63573,A100F6001B24,0.0161,0.0246,0.9243,0.3805326
23/04/2021 20:18:45.123,25911,TILEBOX @322157,63573,A100F6001B24,0.0161,0.0246,0.9243,0.3805326
23/04/2021 20:18:45.123,25910,TILEBOX @322157,63573,A000F6001B24,0.016,0.0246,0.9243,0.3805369
23/04/2021 20:18:45.183,25970,TILEBOX @322157,63581,A200F5001B24,0.0162,0.0245,0.9243,0.3805348
23/04/2021 20:18:45.183,25971,TILEBOX @322157,63581,A300F5001C24,0.0163,0.0245,0.9244,0.3802877
23/04/2021 20:18:45.183,25971,TILEBOX @322157,63581,A200F5001B24,0.0162,0.0245,0.9243,0.3805348
23/04/2021 20:18:45.273,26060,TILEBOX @322157,63588,A400F5001C24,0.0164,0.0245,0.9244,0.3802834
23/04/2021 20:18:45.273,26061,TILEBOX @322157,63588,A500F5001C24,0.0165,0.0245,0.9244,0.3802791
23/04/2021 20:18:45.273,26062,TILEBOX @322157,63588,A500F5001C24,0.0165,0.0245,0.9244,0.3802791
23/04/2021 20:18:45.334,26121,TILEBOX @322157,63596,A700F6001C24,0.0167,0.0246,0.9244,0.3802639
23/04/2021 20:18:45.334,26122,TILEBOX @322157,63596,A200E1005324,0.0162,0.0225,0.9299,0.3667661
23/04/2021 20:18:45.334,26121,TILEBOX @322157,63596,BD00FF002F24,0.0189,0.0255,0.9263,0.3754476
23/04/2021 20:18:45.394,26181,TILEBOX @322157,63603,A600D7008624,0.0166,0.0215,0.935,0.353606
23/04/2021 20:18:45.394,26182,TILEBOX @322157,63603,A300D6008724,0.0163,0.0214,0.9351,0.3533614
23/04/2021 20:18:45.394,26183,TILEBOX @322157,63603,9A00DF008D24,0.0154,0.0223,0.9357,0.3517543
23/04/2021 20:18:45.453,26240,TILEBOX @322157,63611,9E00D600A724,0.0158,0.0214,0.9383,0.3447977
23/04/2021 20:18:45.453,26241,TILEBOX @322157,63611,9300C900C623,0.0147,0.0201,0.9158,0.4008619
23/04/2021 20:18:45.453,26242,TILEBOX @322157,63611,A200BF007824,0.0162,0.0191,0.9336,0.3574406
23/04/2021 20:18:45.513,26301,TILEBOX @322157,63618,8B006E00D122,0.0139,0.011,0.8913,0.4530674
23/04/2021 20:18:45.513,26301,TILEBOX @322157,63618,8D0089004C22,0.0141,0.0137,0.878,0.4782567
23/04/2021 20:18:45.513,26302,TILEBOX @322157,63618,8D008F007722,0.0141,0.0143,0.8823,0.4702588
23/04/2021 20:18:45.573,26360,TILEBOX @322157,63626,850039002A22,0.0133,0.0057,0.8746,0.4846292
23/04/2021 20:18:45.573,26361,TILEBOX @322157,63626,920036001922,0.0146,0.0054,0.8729,0.4876508
23/04/2021 20:18:45.573,26362,TILEBOX @322157,63626,860032001F22,0.0134,0.005,0.8735,0.486614
23/04/2021 20:18:45.633,26421,TILEBOX @322157,63633,AE003E001122,0.0174,0.0062,0.8721,0.4889789
23/04/2021 20:18:45.633,26421,TILEBOX @322157,63633,210086004D22,0.0033,0.0134,0.8781,0.4782782
23/04/2021 20:18:45.633,26422,TILEBOX @322157,63633,6D005E005322,0.0109,0.0094,0.8787,0.4771573
23/04/2021 20:18:45.693,26480,TILEBOX @322157,63641,79005E003822,0.0121,0.0094,0.876,0.4820676
23/04/2021 20:18:45.693,26481,TILEBOX @322157,63641,28008B001B22,0.004,0.0139,0.8731,0.4873266
23/04/2021 20:18:45.693,26482,TILEBOX @322157,63641,730064004022,0.0115,0.01,0.8768,0.4806136
23/04/2021 20:18:45.784,26571,TILEBOX @322157,63648,6D004100D521,0.0109,0.0065,0.8661,0.4997096
23/04/2021 20:18:45.784,26572,TILEBOX @322157,63648,AB000F00B021,0.0171,0.0015,0.8624,0.5059363
23/04/2021 20:18:45.784,26573,TILEBOX @322157,63648,3B007600E621,0.0059,0.0118,0.8678,0.4967385
23/04/2021 20:18:45.843,26631,TILEBOX @322157,63656,8F0027008F21,0.0143,0.0039,0.8591,0.5115931
23/04/2021 20:18:45.843,26631,TILEBOX @322157,63656,B50002008721,0.0181,0.0002,0.8583,0.5128289
23/04/2021 20:18:45.843,26632,TILEBOX @322157,63656,56005C009321,0.0086,0.0092,0.8595,0.5109806
23/04/2021 20:18:45.903,26690,TILEBOX @322157,63663,B300FAFF9521,0.0179,-0.0006,0.8597,0.5104852
23/04/2021 20:18:45.903,26691,TILEBOX @322157,63663,7C0036009A21,0.0124,0.0054,0.8602,0.5097774
23/04/2021 20:18:45.903,26692,TILEBOX @322157,63663,780039009521,0.012,0.0057,0.8597,0.5106264
23/04/2021 20:18:45.963,26751,TILEBOX @322157,63671,76003200C621,0.0118,0.005,0.8646,0.5022973
23/04/2021 20:18:45.964,26751,TILEBOX @322157,63671,7E002B00CC21,0.0126,0.0043,0.8652,0.5012501
23/04/2021 20:18:45.963,26752,TILEBOX @322157,63671,76003200B021,0.0118,0.005,0.8624,0.5060652
23/04/2021 20:18:46.023,26810,TILEBOX @322157,63678,BE00F2FFF121,0.019,-0.0014,0.8689,0.4946209
23/04/2021 20:18:46.023,26811,TILEBOX @322157,63678,900140FF1E22,0.04,-0.0192,0.8734,0.4849782
23/04/2021 20:18:46.023,26812,TILEBOX @322157,63678,91001500D821,0.0145,0.0021,0.8664,0.4991356
23/04/2021 20:18:46.083,26871,TILEBOX @322157,63686,5E0137FF3422,0.035,-0.0201,0.8756,0.4813477
23/04/2021 20:18:46.083,26871,TILEBOX @322157,63686,6A035EFD6A22,0.0874,-0.0674,0.881,0.4600625
23/04/2021 20:18:46.083,26872,TILEBOX @322157,63686,0C0234FE6F22,0.0524,-0.046,0.8815,0.4670075
23/04/2021 20:18:46.143,26931,TILEBOX @322157,63693,EF04A4FC3A22,0.1263,-0.086,0.8762,0.4570841
23/04/2021 20:18:46.144,26932,TILEBOX @322157,63693,CD05B5FBDC21,0.1485,-0.1099,0.8668,0.4631711
23/04/2021 20:18:46.143,26931,TILEBOX @322157,63693,8505BDFB2D22,0.1413,-0.1091,0.8749,0.4502016
23/04/2021 20:18:46.203,26991,TILEBOX @322157,63701,A2034AFE1622,0.093,-0.0438,0.8726,0.4774953
23/04/2021 20:18:46.203,26991,TILEBOX @322157,63701,6D05E4FC5021,0.1389,-0.0796,0.8528,0.4970944
23/04/2021 20:18:46.203,26990,TILEBOX @322157,63701,CE056BFCF021,0.1486,-0.0917,0.8688,0.4633527
23/04/2021 20:18:46.263,27051,TILEBOX @322157,63708,CA058AFCAF20,0.1482,-0.0886,0.8367,0.5197306
23/04/2021 20:18:46.263,27051,TILEBOX @322157,63708,1705A1FD6D20,0.1303,-0.0607,0.8301,0.5387684
23/04/2021 20:18:46.263,27050,TILEBOX @322157,63708,1D043FFEEE20,0.1053,-0.0449,0.843,0.525592
23/04/2021 20:18:46.353,27141,TILEBOX @322157,63716,FE041AFDC81F,0.1278,-0.0742,0.8136,0.5623313
23/04/2021 20:18:46.354,27142,TILEBOX @322157,63716,95050FFD511F,0.1429,-0.0753,0.8017,0.5754882
23/04/2021 20:18:46.354,27143,TILEBOX @322157,63716,FD04DCFC821F,0.1277,-0.0804,0.8066,0.5715111
23/04/2021 20:18:46.414,27201,TILEBOX @322157,63723,4B0616FD001F,0.1611,-0.0746,0.7936,0.5819628
23/04/2021 20:18:46.414,27203,TILEBOX @322157,63723,8205CCFD711F,0.141,-0.0564,0.8049,0.5736498
23/04/2021 20:18:46.414,27203,TILEBOX @322157,63723,EA07D5FC911E,0.2026,-0.0811,0.7825,0.583155
23/04/2021 20:18:46.473,27260,TILEBOX @322157,63731,3208D6FD641E,0.2098,-0.0554,0.778,0.5896022
23/04/2021 20:18:46.473,27261,TILEBOX @322157,63731,0F0A0AFFB41D,0.2575,-0.0246,0.7604,0.5957184
23/04/2021 20:18:46.473,27261,TILEBOX @322157,63731,700840FF2D1E,0.216,-0.0192,0.7725,0.5968409
23/04/2021 20:18:46.534,27321,TILEBOX @322157,63738,2B091E00431E,0.2347,0.003,0.7747,0.5871515
23/04/2021 20:18:46.534,27322,TILEBOX @322157,63738,6C08F301091F,0.2156,0.0499,0.7945,0.5655054
23/04/2021 20:18:46.534,27323,TILEBOX @322157,63738,27093801731E,0.2343,0.0312,0.7795,0.5800947
23/04/2021 20:18:46.593,27380,TILEBOX @322157,63746,9F075B024B1F,0.1951,0.0603,0.8011,0.5626177
23/04/2021 20:18:46.593,27381,TILEBOX @322157,63746,AD079802491F,0.1965,0.0664,0.8009,0.5617277
23/04/2021 20:18:46.593,27382,TILEBOX @322157,63746,8B07CE02C11F,0.1931,0.0718,0.8129,0.5447483
23/04/2021 20:18:46.653,27440,TILEBOX @322157,63753,40085802C11F,0.2112,0.06,0.8129,0.5394332
23/04/2021 20:18:46.653,27440,TILEBOX @322157,63753,F6075C01FF1F,0.2038,0.0348,0.8191,0.5350978
23/04/2021 20:18:46.653,27441,TILEBOX @322157,63753,E4071002E31F,0.202,0.0528,0.8163,0.5385745
23/04/2021 20:18:46.713,27501,TILEBOX @322157,63761,CB08C100D81F,0.2251,0.0193,0.8152,0.5332977
23/04/2021 20:18:46.713,27502,TILEBOX @322157,63761,2C0961FFEB1F,0.2348,-0.0159,0.8171,0.5262735
23/04/2021 20:18:46.713,27503,TILEBOX @322157,63761,2E09FAFFCA1F,0.235,-0.0006,0.8138,0.5315112
23/04/2021 20:18:46.773,27561,TILEBOX @322157,63768,7C09BDFEE41F,0.2428,-0.0323,0.8164,0.5229684
23/04/2021 20:18:46.773,27561,TILEBOX @322157,63768,1B0A1BFEF31F,0.2587,-0.0485,0.8179,0.5116265
23/04/2021 20:18:46.773,27562,TILEBOX @322157,63768,DB0934FED91F,0.2523,-0.046,0.8153,0.519148
23/04/2021 20:18:46.833,27621,TILEBOX @322157,63776,6F0A49FDD21F,0.2671,-0.0695,0.8146,0.5101511
23/04/2021 20:18:46.833,27621,TILEBOX @322157,63776,CE0A1CFDF41F,0.2766,-0.074,0.818,0.4988912
23/04/2021 20:18:46.833,27622,TILEBOX @322157,63776,BB0A0DFDCB1F,0.2747,-0.0755,0.8139,0.5063659
23/04/2021 20:18:46.924,27711,TILEBOX @322157,63783,0A0B06FDEB1F,0.2826,-0.0762,0.8171,0.4966674
23/04/2021 20:18:46.924,27712,TILEBOX @322157,63783,F80B4AFC881F,0.3064,-0.095,0.8072,0.4955019
23/04/2021 20:18:46.924,27713,TILEBOX @322157,63783,960B95FCB11F,0.2966,-0.0875,0.8113,0.4961497
23/04/2021 20:18:46.983,27771,TILEBOX @322157,63791,D80CA1FB3B1F,0.3288,-0.1119,0.7995,0.4900701
23/04/2021 20:18:46.983,27772,TILEBOX @322157,63791,200D86FB221F,0.336,-0.1146,0.797,0.4886327
23/04/2021 20:18:46.983,27770,TILEBOX @322157,63791,580CFAFB681F,0.316,-0.103,0.804,0.493071
23/04/2021 20:18:47.044,27831,TILEBOX @322157,63798,1F0D62FB381F,0.3359,-0.1182,0.7992,0.4842306
23/04/2021 20:18:47.044,27832,TILEBOX @322157,63798,900DEEFAF41E,0.3472,-0.1298,0.7924,0.4844651
23/04/2021 20:18:47.044,27833,TILEBOX @322157,63798,AF0D6BFAD01E,0.3503,-0.1429,0.7888,0.4844214
23/04/2021 20:18:47.103,27890,TILEBOX @322157,63806,480E17FAAE1E,0.3656,-0.1513,0.7854,0.4760166
23/04/2021 20:18:47.103,27891,TILEBOX @322157,63806,860EAEF98B1E,0.3718,-0.1618,0.7819,0.4735166
23/04/2021 20:18:47.103,27892,TILEBOX @322157,63806,E60D73FADB1E,0.3558,-0.1421,0.7899,0.4788235
23/04/2021 20:18:47.163,27950,TILEBOX @322157,63813,E20E6DF96F1E,0.381,-0.1683,0.7791,0.4685267
23/04/2021 20:18:47.163,27951,TILEBOX @322157,63813,4D0F87F9301E,0.3917,-0.1657,0.7728,0.4710571
23/04/2021 20:18:47.163,27952,TILEBOX @322157,63813,300F59F93F1E,0.3888,-0.1703,0.7743,0.4693527
23/04/2021 20:18:47.223,28011,TILEBOX @322157,63821,890F40F9151E,0.3977,-0.1728,0.7701,0.4678898
23/04/2021 20:18:47.223,28011,TILEBOX @322157,63821,B80F57F9F11D,0.4024,-0.1705,0.7665,0.4706185
23/04/2021 20:18:47.223,28012,TILEBOX @322157,63821,8A0F4AF9061E,0.3978,-0.1718,0.7686,0.4706315
23/04/2021 20:18:47.283,28070,TILEBOX @322157,63828,770EBFF9461E,0.3703,-0.1601,0.775,0.4864369
23/04/2021 20:18:47.283,28071,TILEBOX @322157,63828,490E3CFA571E,0.3657,-0.1476,0.7767,0.4911363
23/04/2021 20:18:47.283,28072,TILEBOX @322157,63828,140F95F9611E,0.386,-0.1643,0.7777,0.4681797
23/04/2021 20:18:47.343,28131,TILEBOX @322157,63836,1C0E30FA931E,0.3612,-0.1488,0.7827,0.4845347
23/04/2021 20:18:47.343,28131,TILEBOX @322157,63836,1A0E6BFA8B1E,0.361,-0.1429,0.7819,0.4877407
23/04/2021 20:18:47.343,28132,TILEBOX @322157,63836,7F0E38FA671E,0.3711,-0.148,0.7783,0.4843861
23/04/2021 20:18:47.434,28221,TILEBOX @322157,63843,0B0E6EFA911E,0.3595,-0.1426,0.7825,0.4879741
23/04/2021 20:18:47.434,28222,TILEBOX @322157,63843,5A0E0AFB621E,0.3674,-0.127,0.7778,0.4938778
23/04/2021 20:18:47.434,28221,TILEBOX @322157,63843,5D0EA8FA671E,0.3677,-0.1368,0.7783,0.4902363
23/04/2021 20:18:47.493,28281,TILEBOX @322157,63851,350E1BFB731E,0.3637,-0.1253,0.7795,0.4943703
23/04/2021 20:18:47.493,28281,TILEBOX @322157,63851,D40DD8FB7C1E,0.354,-0.1064,0.7804,0.5043203
23/04/2021 20:18:47.493,28282,TILEBOX @322157,63851,EF0D76FB801E,0.3567,-0.1162,0.7808,0.4996139
23/04/2021 20:18:47.553,28340,TILEBOX @322157,63858,940D36FC6B1E,0.3476,-0.097,0.7787,0.5132169
23/04/2021 20:18:47.553,28341,TILEBOX @322157,63858,A40D87FC321E,0.3492,-0.0889,0.773,0.522137
23/04/2021 20:18:47.553,28342,TILEBOX @322157,63858,AA0D57FC511E,0.3498,-0.0937,0.7761,0.5162646
23/04/2021 20:18:47.613,28401,TILEBOX @322157,63866,F20C0FFD451E,0.3314,-0.0753,0.7749,0.5329483
23/04/2021 20:18:47.613,28401,TILEBOX @322157,63866,100CC4FD4A1E,0.3088,-0.0572,0.7754,0.5478372
23/04/2021 20:18:47.613,28400,TILEBOX @322157,63866,370C89FD5D1E,0.3127,-0.0631,0.7773,0.5422562
23/04/2021 20:18:47.674,28461,TILEBOX @322157,63873,3A0B5CFE771E,0.2874,-0.042,0.7799,0.5544305
23/04/2021 20:18:47.674,28462,TILEBOX @322157,63873,110A9FFFBE1E,0.2577,-0.0097,0.787,0.5604708
23/04/2021 20:18:47.674,28463,TILEBOX @322157,63873,A90AE8FE8C1E,0.2729,-0.028,0.782,0.5596585
23/04/2021 20:18:47.733,28520,TILEBOX @322157,63881,3B093400E31E,0.2363,0.0052,0.7907,0.5647377
23/04/2021 20:18:47.733,28521,TILEBOX @322157,63881,1608D301311F,0.207,0.0467,0.7985,0.5633541
23/04/2021 20:18:47.733,28521,TILEBOX @322157,63881,B008FF00141F,0.2224,0.0255,0.7956,0.5629464
23/04/2021 20:18:47.793,28580,TILEBOX @322157,63888,9407B002421F,0.194,0.0688,0.8002,0.5633033
23/04/2021 20:18:47.793,28581,TILEBOX @322157,63888,F10611045B1F,0.1777,0.1041,0.8027,0.5596951
23/04/2021 20:18:47.793,28582,TILEBOX @322157,63888,2C075E035D1F,0.1836,0.0862,0.8029,0.5605463
23/04/2021 20:18:47.853,28640,TILEBOX @322157,63896,AF066B05341F,0.1711,0.1387,0.7988,0.5598265
23/04/2021 20:18:47.853,28641,TILEBOX @322157,63896,7B06FA05251F,0.1659,0.153,0.7973,0.5598044
23/04/2021 20:18:47.853,28642,TILEBOX @322157,63896,9606DA04541F,0.1686,0.1242,0.802,0.5594143
23/04/2021 20:18:47.943,28731,TILEBOX @322157,63903,890628060A1F,0.1673,0.1576,0.7946,0.5619464
23/04/2021 20:18:47.944,28732,TILEBOX @322157,63903,32063306F51E,0.1586,0.1587,0.7925,0.5671015
23/04/2021 20:18:47.944,28733,TILEBOX @322157,63903,6D067606F91E,0.1645,0.1654,0.7929,0.5629317
23/04/2021 20:18:48.003,28791,TILEBOX @322157,63911,5F064F06D31E,0.1631,0.1615,0.7891,0.5697695
23/04/2021 20:18:48.003,28791,TILEBOX @322157,63911,3206BE05C61E,0.1586,0.147,0.7878,0.576722
23/04/2021 20:18:48.003,28792,TILEBOX @322157,63911,6D06FF05C31E,0.1645,0.1535,0.7875,0.573778
23/04/2021 20:18:48.063,28850,TILEBOX @322157,63918,8706D604BE1E,0.1671,0.1238,0.787,0.5808461
23/04/2021 20:18:48.063,28851,TILEBOX @322157,63918,E4063F04C31E,0.1764,0.1087,0.7875,0.5804404
23/04/2021 20:18:48.063,28852,TILEBOX @322157,63918,5F064405C51E,0.1631,0.1348,0.7877,0.5785811
23/04/2021 20:18:48.123,28910,TILEBOX @322157,63926,37075403C41E,0.1847,0.0852,0.7876,0.5816469
23/04/2021 20:18:48.123,28911,TILEBOX @322157,63926,7D07BD02C71E,0.1917,0.0701,0.7879,0.5809912
23/04/2021 20:18:48.123,28911,TILEBOX @322157,63926,0907D303BE1E,0.1801,0.0979,0.787,0.5819025
23/04/2021 20:18:48.184,28971,TILEBOX @322157,63933,0F08FA01C21E,0.2063,0.0506,0.7874,0.5786892
23/04/2021 20:18:48.184,28971,TILEBOX @322157,63933,B108F601BB1E,0.2225,0.0502,0.7867,0.5736522
23/04/2021 20:18:48.184,28972,TILEBOX @322157,63933,AD074B02C81E,0.1965,0.0587,0.788,0.5805154
23/04/2021 20:18:48.243,29030,TILEBOX @322157,63941,C3086901C21E,0.2243,0.0361,0.7874,0.5730511
23/04/2021 20:18:48.243,29031,TILEBOX @322157,63941,AF09DE00B31E,0.2479,0.0222,0.7859,0.5660512
23/04/2021 20:18:48.243,29032,TILEBOX @322157,63941,0E090A01C11E,0.2318,0.0266,0.7873,0.5707188
23/04/2021 20:18:48.303,29090,TILEBOX @322157,63948,1C0A5700AD1E,0.2588,0.0087,0.7853,0.5623618
23/04/2021 20:18:48.303,29091,TILEBOX @322157,63948,C10A5BFFB41E,0.2753,-0.0165,0.786,0.5533007
23/04/2021 20:18:48.303,29092,TILEBOX @322157,63948,640AF6FFB61E,0.266,-0.001,0.7862,0.5577925
23/04/2021 20:18:48.364,29152,TILEBOX @322157,63956,980B82FE901E,0.2968,-0.0382,0.7824,0.5461692
23/04/2021 20:18:48.364,29153,TILEBOX @322157,63956,DA0BFFFD931E,0.3034,-0.0513,0.7827,0.5410153
23/04/2021 20:18:48.364,29154,TILEBOX @322157,63956,300BE4FE9E1E,0.2864,-0.0284,0.7838,0.5502963
23/04/2021 20:18:48.454,29241,TILEBOX @322157,63963,530C47FD7B1E,0.3155,-0.0697,0.7803,0.5354751
23/04/2021 20:18:48.454,29242,TILEBOX @322157,63963,6F0CECFC731E,0.3183,-0.0788,0.7795,0.5337185
23/04/2021 20:18:48.454,29243,TILEBOX @322157,63963,FC0BA8FD911E,0.3068,-0.06,0.7825,0.5384863
23/04/2021 20:18:48.513,29301,TILEBOX @322157,63971,880CC4FC781E,0.3208,-0.0828,0.78,0.5308782
23/04/2021 20:18:48.513,29301,TILEBOX @322157,63971,B20C52FC741E,0.325,-0.0942,0.7796,0.5269964
23/04/2021 20:18:48.513,29302,TILEBOX @322157,63971,A20CA3FC791E,0.3234,-0.0861,0.7801,0.5286239
23/04/2021 20:18:48.573,29361,TILEBOX @322157,63978,B50CE4FB7D1E,0.3253,-0.1052,0.7805,0.5233858
23/04/2021 20:18:48.573,29361,TILEBOX @322157,63978,CF0CCFFB811E,0.3279,-0.1073,0.7809,0.5207336
23/04/2021 20:18:48.573,29362,TILEBOX @322157,63978,9F0C1BFC7F1E,0.3231,-0.0997,0.7807,0.5255224
23/04/2021 20:18:48.633,29421,TILEBOX @322157,63986,A20CC5FB8C1E,0.3234,-0.1083,0.782,0.5216892
23/04/2021 20:18:48.633,29422,TILEBOX @322157,63986,BF0CBFFB9B1E,0.3263,-0.1089,0.7835,0.5174909
23/04/2021 20:18:48.633,29422,TILEBOX @322157,63986,A60CAEFB891E,0.3238,-0.1106,0.7817,0.521408
23/04/2021 20:18:48.693,29480,TILEBOX @322157,63993,BD0CF1FBAC1E,0.3261,-0.1039,0.7852,0.5160664
23/04/2021 20:18:48.693,29481,TILEBOX @322157,63993,C30C37FCB51E,0.3267,-0.0969,0.7861,0.5156785
23/04/2021 20:18:48.693,29482,TILEBOX @322157,63993,C00CD2FBB01E,0.3264,-0.107,0.7856,0.5146326
23/04/2021 20:18:48.753,29540,TILEBOX @322157,64001,860C02FDD71E,0.3206,-0.0766,0.7895,0.5177237
23/04/2021 20:18:48.753,29541,TILEBOX @322157,64001,780C65FDE81E,0.3192,-0.0667,0.7912,0.5173635
23/04/2021 20:18:48.753,29542,TILEBOX @322157,64001,B50C71FCC91E,0.3253,-0.0911,0.7881,0.5145669
23/04/2021 20:18:48.813,29600,TILEBOX @322157,64008,300C14FE011F,0.312,-0.0492,0.7937,0.5198805
23/04/2021 20:18:48.813,29601,TILEBOX @322157,64008,BC0B56FF041F,0.3004,-0.017,0.794,0.5282375
23/04/2021 20:18:48.813,29602,TILEBOX @322157,64008,0B0CA2FEF71E,0.3083,-0.035,0.7927,0.5247408
23/04/2021 20:18:48.903,29690,TILEBOX @322157,64016,730B0600141F,0.2931,0.0006,0.7956,0.5302006
23/04/2021 20:18:48.903,29691,TILEBOX @322157,64016,9D0A74012D1F,0.2717,0.0372,0.7981,0.5364994
23/04/2021 20:18:48.903,29692,TILEBOX @322157,64016,070BC2001E1F,0.2823,0.0194,0.7966,0.5341898
23/04/2021 20:18:48.963,29750,TILEBOX @322157,64023,2F0A1B02321F,0.2607,0.0539,0.7986,0.5397854
23/04/2021 20:18:48.963,29751,TILEBOX @322157,64023,47090D03471F,0.2375,0.0781,0.8007,0.5444021
23/04/2021 20:18:48.963,29752,TILEBOX @322157,64023,C009AB02371F,0.2496,0.0683,0.7991,0.5426548
23/04/2021 20:18:49.023,29811,TILEBOX @322157,64031,D008C703501F,0.2256,0.0967,0.8016,0.5451525
23/04/2021 20:18:49.023,29811,TILEBOX @322157,64031,D707EA046D1F,0.2007,0.1258,0.8045,0.5446776
23/04/2021 20:18:49.023,29812,TILEBOX @322157,64031,44086C046F1F,0.2116,0.1132,0.8047,0.5430185
23/04/2021 20:18:49.083,29871,TILEBOX @322157,64038,6107B1056E1F,0.1889,0.1457,0.8046,0.5437896
23/04/2021 20:18:49.083,29871,TILEBOX @322157,64038,39069B06831F,0.1593,0.1691,0.8067,0.5433819
23/04/2021 20:18:49.083,29872,TILEBOX @322157,64038,C6063D06841F,0.1734,0.1597,0.8068,0.5417584
23/04/2021 20:18:49.143,29930,TILEBOX @322157,64046,F8055E07761F,0.1528,0.1886,0.8054,0.5407522
23/04/2021 20:18:49.143,29931,TILEBOX @322157,64046,28051208711F,0.132,0.2066,0.8049,0.5403966
23/04/2021 20:18:49.143,29932,TILEBOX @322157,64046,E505E807721F,0.1509,0.2024,0.805,0.5368784
23/04/2021 20:18:49.203,29990,TILEBOX @322157,64053,C1043008721F,0.1217,0.2096,0.805,0.5415089
23/04/2021 20:18:49.203,29991,TILEBOX @322157,64053,89049208751F,0.1161,0.2194,0.8053,0.5384017
23/04/2021 20:18:49.203,29992,TILEBOX @322157,64053,B0049F086D1F,0.12,0.2207,0.8045,0.5382112
23/04/2021 20:18:49.263,30050,TILEBOX @322157,64061,8E0492086F1F,0.1166,0.2194,0.8047,0.5391901
23/04/2021 20:18:49.263,30051,TILEBOX @322157,64061,47047808761F,0.1095,0.2168,0.8054,0.5406832
23/04/2021 20:18:49.263,30051,TILEBOX @322157,64061,6E04A808701F,0.1134,0.2216,0.8048,0.5388236
23/04/2021 20:18:49.323,30110,TILEBOX @322157,64068,51043C08761F,0.1105,0.2108,0.8054,0.542848
23/04/2021 20:18:49.323,30111,TILEBOX @322157,64068,A004B0077A1F,0.1184,0.1968,0.8058,0.5458365
23/04/2021 20:18:49.323,30112,TILEBOX @322157,64068,7E041108771F,0.115,0.2065,0.8055,0.5434175
23/04/2021 20:18:49.383,30170,TILEBOX @322157,64076,EA04C606971F,0.1258,0.1734,0.8087,0.5478239
23/04/2021 20:18:49.383,30171,TILEBOX @322157,64076,07056506921F,0.1287,0.1637,0.8082,0.5508642
23/04/2021 20:18:49.383,30171,TILEBOX @322157,64076,BF045F07831F,0.1215,0.1887,0.8067,0.5466856
23/04/2021 20:18:49.474,30261,TILEBOX @322157,64083,4705DD05931F,0.1351,0.1501,0.8083,0.5530543
23/04/2021 20:18:49.474,30262,TILEBOX @322157,64083,ED05CA04A91F,0.1517,0.1226,0.8105,0.5523097
23/04/2021 20:18:49.474,30261,TILEBOX @322157,64083,90054D05A21F,0.1424,0.1357,0.8098,0.5527492
23/04/2021 20:18:49.533,30320,TILEBOX @322157,64091,350695039E1F,0.1589,0.0917,0.8094,0.5578651
23/04/2021 20:18:49.533,30321,TILEBOX @322157,64091,B8062C039B1F,0.172,0.0812,0.8091,0.5560394
23/04/2021 20:18:49.533,30322,TILEBOX @322157,64091,02062C04A31F,0.1538,0.1068,0.8099,0.5558789
23/04/2021 20:18:49.593,30381,TILEBOX @322157,64098,1D07BE028D1F,0.1821,0.0702,0.8077,0.5563563
23/04/2021 20:18:49.593,30382,TILEBOX @322157,64098,C907AF01731F,0.1993,0.0431,0.8051,0.5569882
23/04/2021 20:18:49.593,30382,TILEBOX @322157,64098,5E072202811F,0.1886,0.0546,0.8065,0.5576796
23/04/2021 20:18:49.653,30440,TILEBOX @322157,64106,09082A015F1F,0.2057,0.0298,0.8031,0.5584173
23/04/2021 20:18:49.653,30441,TILEBOX @322157,64106,C5081F00361F,0.2245,0.0031,0.799,0.5578433
23/04/2021 20:18:49.653,30442,TILEBOX @322157,64106,40088700481F,0.2112,0.0135,0.8008,0.5602961
23/04/2021 20:18:49.713,30500,TILEBOX @322157,64113,3909C4FF271F,0.2361,-0.006,0.7975,0.5551707
23/04/2021 20:18:49.713,30501,TILEBOX @322157,64113,780970FEF41E,0.2424,-0.04,0.7924,0.5583408
23/04/2021 20:18:49.713,30502,TILEBOX @322157,64113,470900FF0C1F,0.2375,-0.0256,0.7948,0.5578812
23/04/2021 20:18:49.773,30560,TILEBOX @322157,64121,F8092EFEE31E,0.2552,-0.0466,0.7907,0.5545222
23/04/2021 20:18:49.773,30561,TILEBOX @322157,64121,710A66FDBB1E,0.2673,-0.0666,0.7867,0.5524656
23/04/2021 20:18:49.773,30562,TILEBOX @322157,64121,490AD7FDCF1E,0.2633,-0.0553,0.7887,0.5527815
23/04/2021 20:18:49.833,30620,TILEBOX @322157,64128,8F0A48FDAE1E,0.2703,-0.0696,0.7854,0.5524859
23/04/2021 20:18:49.833,30621,TILEBOX @322157,64128,230BD9FC771E,0.2851,-0.0807,0.7799,0.5513269
23/04/2021 20:18:49.833,30622,TILEBOX @322157,64128,D50AF6FC961E,0.2773,-0.0778,0.783,0.5513283
23/04/2021 20:18:49.893,30681,TILEBOX @322157,64136,400BD6FC711E,0.288,-0.081,0.7793,0.5506238
23/04/2021 20:18:49.893,30681,TILEBOX @322157,64136,820B9DFC4F1E,0.2946,-0.0867,0.7759,0.5510654
23/04/2021 20:18:49.893,30682,TILEBOX @322157,64136,550BE0FC721E,0.2901,-0.08,0.7794,0.5495249
23/04/2021 20:18:49.953,30740,TILEBOX @322157,64143,6F0B7CFC4B1E,0.2927,-0.09,0.7755,0.5521109
23/04/2021 20:18:49.953,30741,TILEBOX @322157,64143,AD0BC8FC611E,0.2989,-0.0824,0.7777,0.5468562
23/04/2021 20:18:49.953,30741,TILEBOX @322157,64143,A20B9FFC4D1E,0.2978,-0.0865,0.7757,0.5496567
23/04/2021 20:18:50.044,30831,TILEBOX @322157,64151,8B0BD1FC621E,0.2955,-0.0815,0.7778,0.5486935
23/04/2021 20:18:50.044,30832,TILEBOX @322157,64151,8D0B1DFD7A1E,0.2957,-0.0739,0.7802,0.5462493
23/04/2021 20:18:50.044,30833,TILEBOX @322157,64151,930B9AFC541E,0.2963,-0.087,0.7764,0.5494
23/04/2021 20:18:50.103,30890,TILEBOX @322157,64158,700B8FFD8C1E,0.2928,-0.0625,0.782,0.5466607
23/04/2021 20:18:50.103,30891,TILEBOX @322157,64158,FC0A3DFEB71E,0.2812,-0.0451,0.7863,0.5482926
23/04/2021 20:18:50.103,30892,TILEBOX @322157,64158,490BD0FD9F1E,0.2889,-0.056,0.7839,0.5467189
23/04/2021 20:18:50.163,30950,TILEBOX @322157,64166,DF0AABFECA1E,0.2783,-0.0341,0.7882,0.5478385
23/04/2021 20:18:50.163,30951,TILEBOX @322157,64166,380A91FFFD1E,0.2616,-0.0111,0.7933,0.5496521
23/04/2021 20:18:50.163,30950,TILEBOX @322157,64166,950A14FFE21E,0.2709,-0.0236,0.7906,0.5486419
23/04/2021 20:18:50.223,31010,TILEBOX @322157,64173,C2091A00171F,0.2498,0.0026,0.7959,0.5514857
23/04/2021 20:18:50.223,31011,TILEBOX @322157,64173,07092F013E1F,0.2311,0.0303,0.7998,0.5531679
23/04/2021 20:18:50.223,31012,TILEBOX @322157,64173,70098F00291F,0.2416,0.0143,0.7977,0.5523583
23/04/2021 20:18:50.283,31071,TILEBOX @322157,64181,8808AB015C1F,0.2184,0.0427,0.8028,0.5531639
23/04/2021 20:18:50.284,31071,TILEBOX @322157,64181,C107AC026B1F,0.1985,0.0684,0.8043,0.5558963
23/04/2021 20:18:50.283,31072,TILEBOX @322157,64181,0F0812026D1F,0.2063,0.053,0.8045,0.5544467
23/04/2021 20:18:50.343,31130,TILEBOX @322157,64188,DE066E03881F,0.1758,0.0878,0.8072,0.5566091
23/04/2021 20:18:50.343,31131,TILEBOX @322157,64188,5206A2039B1F,0.1618,0.093,0.8091,0.5572513
23/04/2021 20:18:50.343,31132,TILEBOX @322157,64188,74071403711F,0.1908,0.0788,0.8049,0.556347
23/04/2021 20:18:50.403,31190,TILEBOX @322157,64196,E50523049B1F,0.1509,0.1059,0.8091,0.5580068
23/04/2021 20:18:50.403,31191,TILEBOX @322157,64196,C604C304C71F,0.1222,0.1219,0.8135,0.5553606
23/04/2021 20:18:50.403,31192,TILEBOX @322157,64196,3B057F04B51F,0.1339,0.1151,0.8117,0.5567458
23/04/2021 20:18:50.463,31251,TILEBOX @322157,64203,AA037405DF1F,0.0938,0.1396,0.8159,0.5531912
23/04/2021 20:18:50.463,31252,TILEBOX @322157,64203,6D03C605E11F,0.0877,0.1478,0.8161,0.551765
23/04/2021 20:18:50.463,31253,TILEBOX @322157,64203,3C042B05D71F,0.1084,0.1323,0.8151,0.5534962
23/04/2021 20:18:50.523,31311,TILEBOX @322157,64211,05032606EF1F,0.0773,0.1574,0.8175,0.5485834
23/04/2021 20:18:50.523,31311,TILEBOX @322157,64211,BB027906DF1F,0.0699,0.1657,0.8159,0.5495131
23/04/2021 20:18:50.523,31312,TILEBOX @322157,64211,E3023006E71F,0.0739,0.1584,0.8167,0.5499539
23/04/2021 20:18:50.583,31371,TILEBOX @322157,64218,C4027506CA1F,0.0708,0.1653,0.8138,0.5526236
23/04/2021 20:18:50.584,31371,TILEBOX @322157,64218,BF024A06B21F,0.0703,0.161,0.8114,0.5574647
23/04/2021 20:18:50.583,31372,TILEBOX @322157,64218,AB027206C21F,0.0683,0.165,0.813,0.5542031
23/04/2021 20:18:50.643,31431,TILEBOX @322157,64226,D50232069C1F,0.0725,0.1586,0.8092,0.5610572
23/04/2021 20:18:50.643,31431,TILEBOX @322157,64226,3303B305821F,0.0819,0.1459,0.8066,0.5669233
23/04/2021 20:18:50.643,31432,TILEBOX @322157,64226,1903F905881F,0.0793,0.1529,0.8072,0.5645894
23/04/2021 20:18:50.734,31521,TILEBOX @322157,64233,C703EA04771F,0.0967,0.1258,0.8055,0.5709583
23/04/2021 20:18:50.734,31522,TILEBOX @322157,64233,1E044B04831F,0.1054,0.1099,0.8067,0.5710061
23/04/2021 20:18:50.734,31523,TILEBOX @322157,64233,7A033905821F,0.089,0.1337,0.8066,0.5688583
23/04/2021 20:18:50.793,31580,TILEBOX @322157,64241,DC042D03861F,0.1244,0.0813,0.807,0.571547
23/04/2021 20:18:50.793,31580,TILEBOX @322157,64241,7404CD03801F,0.114,0.0973,0.8064,0.5720627
23/04/2021 20:18:50.793,31581,TILEBOX @322157,64241,3D059702861F,0.1341,0.0663,0.807,0.5712902
23/04/2021 20:18:50.853,31641,TILEBOX @322157,64248,C10509027D1F,0.1473,0.0521,0.8061,0.5707812
23/04/2021 20:18:50.854,31642,TILEBOX @322157,64248,AC06C700671F,0.1708,0.0199,0.8039,0.5693647
23/04/2021 20:18:50.854,31641,TILEBOX @322157,64248,25066201781F,0.1573,0.0354,0.8056,0.5700984
23/04/2021 20:18:50.913,31701,TILEBOX @322157,64256,EA061D00541F,0.177,0.0029,0.802,0.5704898
23/04/2021 20:18:50.913,31701,TILEBOX @322157,64256,2E077BFF3F1F,0.1838,-0.0133,0.7999,0.5711398
23/04/2021 20:18:50.913,31702,TILEBOX @322157,64256,C107F7FE291F,0.1985,-0.0265,0.7977,0.5688323
23/04/2021 20:18:50.973,31760,TILEBOX @322157,64263,020865FE0B1F,0.205,-0.0411,0.7947,0.5698576
23/04/2021 20:18:50.973,31760,TILEBOX @322157,64263,87087AFDCD1E,0.2183,-0.0646,0.7885,0.571349
23/04/2021 20:18:50.973,31761,TILEBOX @322157,64263,3308D7FDE91E,0.2099,-0.0553,0.7913,0.5716015
23/04/2021 20:18:51.033,31820,TILEBOX @322157,64271,370968FCAF1E,0.2359,-0.092,0.7855,0.564692
23/04/2021 20:18:51.033,31820,TILEBOX @322157,64271,7809F6FB911E,0.2424,-0.1034,0.7825,0.5641316
23/04/2021 20:18:51.033,31821,TILEBOX @322157,64271,E508DEFCB71E,0.2277,-0.0802,0.7863,0.5687292
23/04/2021 20:18:51.093,31880,TILEBOX @322157,64278,E70951FB791E,0.2535,-0.1199,0.7801,0.5592904
23/04/2021 20:18:51.093,31880,TILEBOX @322157,64278,770A57FA551E,0.2679,-0.1449,0.7765,0.551617
23/04/2021 20:18:51.093,31881,TILEBOX @322157,64278,2D0AE1FA6D1E,0.2605,-0.1311,0.7789,0.5552182
23/04/2021 20:18:51.153,31940,TILEBOX @322157,64286,CE0AD4F93E1E,0.2766,-0.158,0.7742,0.5469395
23/04/2021 20:18:51.153,31941,TILEBOX @322157,64286,2A0B8BF9281E,0.2858,-0.1653,0.772,0.5431484
23/04/2021 20:18:51.153,31941,TILEBOX @322157,64286,CD0A96F9331E,0.2765,-0.1642,0.7731,0.5467197
23/04/2021 20:18:51.243,32030,TILEBOX @322157,64293,3F0BF0F9371E,0.2879,-0.1552,0.7735,0.5428851
23/04/2021 20:18:51.243,32030,TILEBOX @322157,64293,490B70F9271E,0.2889,-0.168,0.7719,0.5408171
23/04/2021 20:18:51.243,32031,TILEBOX @322157,64293,2D0B73F9231E,0.2861,-0.1677,0.7715,0.5429652
23/04/2021 20:18:51.303,32090,TILEBOX @322157,64301,600BE9F9551E,0.2912,-0.1559,0.7765,0.5366055
23/04/2021 20:18:51.303,32090,TILEBOX @322157,64301,5E0BEDF9591E,0.291,-0.1555,0.7769,0.5362509
23/04/2021 20:18:51.303,32091,TILEBOX @322157,64301,650BDBF93F1E,0.2917,-0.1573,0.7743,0.5390987
23/04/2021 20:18:51.363,32150,TILEBOX @322157,64308,390B60FA8D1E,0.2873,-0.144,0.7821,0.5338935
23/04/2021 20:18:51.363,32150,TILEBOX @322157,64308,090BEAFAB21E,0.2825,-0.1302,0.7858,0.5345653
23/04/2021 20:18:51.363,32151,TILEBOX @322157,64308,3B0B2DFA711E,0.2875,-0.1491,0.7793,0.5364741
23/04/2021 20:18:51.423,32210,TILEBOX @322157,64316,7F0A01FCE91E,0.2687,-0.1023,0.7913,0.5396104
23/04/2021 20:18:51.423,32210,TILEBOX @322157,64316,230A94FC101F,0.2595,-0.0876,0.7952,0.5409648
23/04/2021 20:18:51.423,32211,TILEBOX @322157,64316,D70A48FBC71E,0.2775,-0.1208,0.7879,0.5362973
23/04/2021 20:18:51.483,32270,TILEBOX @322157,64323,7A09BFFD411F,0.2426,-0.0577,0.8001,0.5455785
23/04/2021 20:18:51.483,32271,TILEBOX @322157,64323,1809DFFD571F,0.2328,-0.0545,0.8023,0.5469448
23/04/2021 20:18:51.483,32271,TILEBOX @322157,64323,B3093FFD221F,0.2483,-0.0705,0.797,0.5460475
23/04/2021 20:18:51.543,32330,TILEBOX @322157,64331,6E0897FE6A1F,0.2158,-0.0361,0.8042,0.5526206
23/04/2021 20:18:51.543,32330,TILEBOX @322157,64331,88075EFFAA1F,0.1928,-0.0162,0.8106,0.5527146
23/04/2021 20:18:51.543,32331,TILEBOX @322157,64331,CA070AFF8D1F,0.1994,-0.0246,0.8077,0.5543061
23/04/2021 20:18:51.603,32390,TILEBOX @322157,64338,03072900D21F,0.1795,0.0041,0.8146,0.5515341
23/04/2021 20:18:51.603,32390,TILEBOX @322157,64338,9B055A01FB1F,0.1435,0.0346,0.8187,0.5549242
23/04/2021 20:18:51.603,32391,TILEBOX @322157,64338,4606A100E61F,0.1606,0.0161,0.8166,0.5541776
23/04/2021 20:18:51.663,32450,TILEBOX @322157,64346,1B050B021720,0.1307,0.0523,0.8215,0.5525576
23/04/2021 20:18:51.663,32450,TILEBOX @322157,64346,F8034D033020,0.1016,0.0845,0.824,0.5509639
23/04/2021 20:18:51.663,32451,TILEBOX @322157,64346,8E048C022A20,0.1166,0.0652,0.8234,0.5515123
23/04/2021 20:18:51.723,32511,TILEBOX @322157,64353,8D03E3033220,0.0909,0.0995,0.8242,0.5500284
23/04/2021 20:18:51.723,32511,TILEBOX @322157,64353,A802C8043920,0.068,0.1224,0.8249,0.5476626
23/04/2021 20:18:51.723,32512,TILEBOX @322157,64353,08035D043A20,0.0776,0.1117,0.825,0.548522
23/04/2021 20:18:51.783,32571,TILEBOX @322157,64361,43022D053720,0.0579,0.1325,0.8247,0.5467735
23/04/2021 20:18:51.783,32572,TILEBOX @322157,64361,010236053A20,0.0513,0.1334,0.825,0.5467612
23/04/2021 20:18:51.783,32572,TILEBOX @322157,64361,C70197053420,0.0455,0.1431,0.8244,0.5457259
23/04/2021 20:18:51.873,32660,TILEBOX @322157,64368,970190053020,0.0407,0.1424,0.824,0.546891
23/04/2021 20:18:51.873,32661,TILEBOX @322157,64368,BA0169052C20,0.0442,0.1385,0.8236,0.5482218
23/04/2021 20:18:51.873,32661,TILEBOX @322157,64368,CA018F052F20,0.0458,0.1423,0.8239,0.5466644
23/04/2021 20:18:51.933,32720,TILEBOX @322157,64376,0F02A2044020,0.0527,0.1186,0.8256,0.5491278
23/04/2021 20:18:51.933,32721,TILEBOX @322157,64376,610243043520,0.0609,0.1091,0.8245,0.551895
23/04/2021 20:18:51.933,32721,TILEBOX @322157,64376,C90136053520,0.0457,0.1334,0.8245,0.5480106
23/04/2021 20:18:51.993,32780,TILEBOX @322157,64383,DF0296033720,0.0735,0.0918,0.8247,0.5532092
23/04/2021 20:18:51.993,32781,TILEBOX @322157,64383,3F038B023920,0.0831,0.0651,0.8249,0.5553345
23/04/2021 20:18:51.993,32782,TILEBOX @322157,64383,080315033E20,0.0776,0.0789,0.8254,0.5535954
23/04/2021 20:18:52.053,32840,TILEBOX @322157,64391,0704AF011720,0.1031,0.0431,0.8215,0.5591516
23/04/2021 20:18:52.053,32841,TILEBOX @322157,64391,49044F011F20,0.1097,0.0335,0.8223,0.5573745
23/04/2021 20:18:52.053,32841,TILEBOX @322157,64391,B603FB012C20,0.095,0.0507,0.8236,0.5568551
23/04/2021 20:18:52.113,32901,TILEBOX @322157,64398,AB0446013120,0.1195,0.0326,0.8241,0.5527351
23/04/2021 20:18:52.113,32901,TILEBOX @322157,64398,8505DD001720,0.1413,0.0221,0.8215,0.5519816
23/04/2021 20:18:52.113,32900,TILEBOX @322157,64398,0405F0001F20,0.1284,0.024,0.8223,0.5538593
23/04/2021 20:18:52.173,32960,TILEBOX @322157,64406,D605E6001620,0.1494,0.023,0.8214,0.549957
23/04/2021 20:18:52.173,32961,TILEBOX @322157,64406,140758000C20,0.1812,0.0088,0.8204,0.542248
23/04/2021 20:18:52.173,32962,TILEBOX @322157,64406,77069000EF1F,0.1655,0.0144,0.8175,0.5514491
23/04/2021 20:18:52.233,33020,TILEBOX @322157,64413,9007CBFF4720,0.1936,-0.0053,0.8263,0.5288849
23/04/2021 20:18:52.233,33021,TILEBOX @322157,64413,3E07F2FE8320,0.1854,-0.027,0.8323,0.5217035
23/04/2021 20:18:52.233,33022,TILEBOX @322157,64413,910780FF4120,0.1937,-0.0128,0.8257,0.5296565
23/04/2021 20:18:52.293,33080,TILEBOX @322157,64421,360826FE9220,0.2102,-0.0474,0.8338,0.5082781
23/04/2021 20:18:52.293,33081,TILEBOX @322157,64421,340828FDEF20,0.21,-0.0728,0.8431,0.4896759
23/04/2021 20:18:52.293,33082,TILEBOX @322157,64421,C3085BFDAB20,0.2243,-0.0677,0.8363,0.4956899
23/04/2021 20:18:52.353,33140,TILEBOX @322157,64428,70083EFC2A21,0.216,-0.0962,0.849,0.4725342
23/04/2021 20:18:52.353,33141,TILEBOX @322157,64428,CC077CFC4921,0.1996,-0.09,0.8521,0.4753792
23/04/2021 20:18:52.353,33142,TILEBOX @322157,64428,1208EFFC1621,0.2066,-0.0785,0.847,0.483472
23/04/2021 20:18:52.443,33231,TILEBOX @322157,64436,22083FFB1021,0.2082,-0.1217,0.8464,0.4748146
23/04/2021 20:18:52.444,33232,TILEBOX @322157,64436,8106AAFB7621,0.1665,-0.111,0.8566,0.4755978
23/04/2021 20:18:52.443,33231,TILEBOX @322157,64436,9A07BDFA0821,0.1946,-0.1347,0.8456,0.4784845
23/04/2021 20:18:52.503,33290,TILEBOX @322157,64443,8305EDFBAB21,0.1411,-0.1043,0.8619,0.4757528
23/04/2021 20:18:52.503,33291,TILEBOX @322157,64443,3105E7FB2521,0.1329,-0.1049,0.8485,0.5013794
23/04/2021 20:18:52.503,33292,TILEBOX @322157,64443,7E057FFB5F21,0.1406,-0.1153,0.8543,0.4869384
23/04/2021 20:18:52.563,33350,TILEBOX @322157,64451,2F0403FC4B21,0.1071,-0.1021,0.8523,0.501687
23/04/2021 20:18:52.563,33351,TILEBOX @322157,64451,980399FC1521,0.092,-0.0871,0.8469,0.5164398
23/04/2021 20:18:52.563,33351,TILEBOX @322157,64451,F40328FC2921,0.1012,-0.0984,0.8489,0.5093572
23/04/2021 20:18:52.623,33411,TILEBOX @322157,64458,550337FDE920,0.0853,-0.0713,0.8425,0.5270996
23/04/2021 20:18:52.623,33412,TILEBOX @322157,64458,A4038CFD9820,0.0932,-0.0628,0.8344,0.5395799
23/04/2021 20:18:52.623,33413,TILEBOX @322157,64458,1F03FEFC4121,0.0799,-0.077,0.8513,0.5128111
23/04/2021 20:18:52.683,33470,TILEBOX @322157,64466,6B0314FE8820,0.0875,-0.0492,0.8328,0.5443963
23/04/2021 20:18:52.683,33471,TILEBOX @322157,64466,C70372FE5A20,0.0967,-0.0398,0.8282,0.5505905
23/04/2021 20:18:52.683,33471,TILEBOX @322157,64466,3803C2FDB620,0.0824,-0.0574,0.8374,0.5372864
23/04/2021 20:18:52.743,33530,TILEBOX @322157,64473,050479FF5E20,0.1029,-0.0135,0.8286,0.5501376
23/04/2021 20:18:52.743,33531,TILEBOX @322157,64473,FE0366FF2C20,0.1022,-0.0154,0.8236,0.5576747
23/04/2021 20:18:52.743,33531,TILEBOX @322157,64473,F803EFFE8120,0.1016,-0.0273,0.8321,0.5445565
23/04/2021 20:18:52.803,33590,TILEBOX @322157,64481,08049EFE3B20,0.1032,-0.0354,0.8251,0.5543524
23/04/2021 20:18:52.803,33591,TILEBOX @322157,64481,26048EFE3020,0.1062,-0.037,0.824,0.5553166
23/04/2021 20:18:52.803,33591,TILEBOX @322157,64481,25046FFF4120,0.1061,-0.0145,0.8257,0.553852
23/04/2021 20:18:52.894,33681,TILEBOX @322157,64488,DD03E1FD2E20,0.0989,-0.0543,0.8238,0.5555392
23/04/2021 20:18:52.894,33682,TILEBOX @322157,64488,470446FEBC20,0.1095,-0.0442,0.838,0.5327402
23/04/2021 20:18:52.893,33683,TILEBOX @322157,64488,160480FE1D20,0.1046,-0.0384,0.8221,0.5583332
23/04/2021 20:18:52.953,33740,TILEBOX @322157,64496,9A04C7FE1921,0.1178,-0.0313,0.8473,0.5169393
23/04/2021 20:18:52.953,33741,TILEBOX @322157,64496,5D06BFFF6E21,0.1629,-0.0065,0.8558,0.4909457
23/04/2021 20:18:52.953,33742,TILEBOX @322157,64496,D105F0FFBD21,0.1489,-0.0016,0.8637,0.4815066
23/04/2021 20:18:53.013,33800,TILEBOX @322157,64503,19071601E121,0.1817,0.0278,0.8673,0.4626046
23/04/2021 20:18:53.013,33801,TILEBOX @322157,64503,E80502013C22,0.1512,0.0258,0.8764,0.456504
23/04/2021 20:18:53.013,33802,TILEBOX @322157,64503,0E07DBFFE920,0.1806,-0.0037,0.8425,0.5075074
23/04/2021 20:18:53.073,33860,TILEBOX @322157,64511,61061801F221,0.1633,0.028,0.869,0.466249
23/04/2021 20:18:53.073,33861,TILEBOX @322157,64511,7A050C003522,0.1402,0.0012,0.8757,0.462052
23/04/2021 20:18:53.073,33862,TILEBOX @322157,64511,1706A7005C22,0.1559,0.0167,0.8796,0.4491327
23/04/2021 20:18:53.133,33920,TILEBOX @322157,64518,B105D4FECB21,0.1457,-0.03,0.8651,0.4790339
23/04/2021 20:18:53.133,33921,TILEBOX @322157,64518,D60455FF7E22,0.1238,-0.0171,0.883,0.4524291
23/04/2021 20:18:53.133,33922,TILEBOX @322157,64518,FD045AFF6C22,0.1277,-0.0166,0.8812,0.4548667
23/04/2021 20:18:53.193,33980,TILEBOX @322157,64526,FD0404FE6322,0.1277,-0.0508,0.8803,0.4540749
23/04/2021 20:18:53.193,33980,TILEBOX @322157,64526,09050EFE2D22,0.1289,-0.0498,0.8749,0.4641711
23/04/2021 20:18:53.193,33981,TILEBOX @322157,64526,00050AFE5622,0.128,-0.0502,0.879,0.4565687
23/04/2021 20:18:53.283,34071,TILEBOX @322157,64533,EB0538FE1A22,0.1515,-0.0456,0.873,0.4613451
23/04/2021 20:18:53.283,34072,TILEBOX @322157,64533,DB042FFE6422,0.1243,-0.0465,0.8804,0.4552835
23/04/2021 20:18:53.283,34071,TILEBOX @322157,64533,A7041BFE6F22,0.1191,-0.0485,0.8815,0.4543354
23/04/2021 20:18:53.313,34100,TILEBOX @322157,64541,C1053EFE3422,0.1473,-0.045,0.8756,0.4578235
23/04/2021 20:18:53.313,34101,TILEBOX @322157,64541,FA0557FE2722,0.153,-0.0425,0.8743,0.4586766
23/04/2021 20:18:53.313,34100,TILEBOX @322157,64541,BE0543FE3422,0.147,-0.0445,0.8756,0.4579688
23/04/2021 20:18:53.404,34191,TILEBOX @322157,64548,040654FE2622,0.154,-0.0428,0.8742,0.4585047
23/04/2021 20:18:53.404,34192,TILEBOX @322157,64548,040653FE2622,0.154,-0.0429,0.8742,0.4584954
23/04/2021 20:18:53.404,34193,TILEBOX @322157,64548,020659FE2622,0.1538,-0.0423,0.8742,0.4586182
23/04/2021 20:18:53.463,34250,TILEBOX @322157,64556,0B0656FE2522,0.1547,-0.0426,0.8741,0.4584783
23/04/2021 20:18:53.463,34251,TILEBOX @322157,64556,02065BFE2422,0.1538,-0.0421,0.874,0.4590175
23/04/2021 20:18:53.463,34252,TILEBOX @322157,64556,0A0657FE2422,0.1546,-0.0425,0.874,0.4587118
23/04/2021 20:18:53.523,34310,TILEBOX @322157,64563,F9055EFE2422,0.1529,-0.0418,0.874,0.4593456
23/04/2021 20:18:53.523,34311,TILEBOX @322157,64563,EE056BFE2022,0.1518,-0.0405,0.8736,0.4605861
23/04/2021 20:18:53.523,34312,TILEBOX @322157,64563,F30564FE2222,0.1523,-0.0412,0.8738,0.4599792
23/04/2021 20:18:53.583,34370,TILEBOX @322157,64571,E9056FFE1E22,0.1513,-0.0401,0.8734,0.4611646
23/04/2021 20:18:53.583,34371,TILEBOX @322157,64571,DF0578FE1B22,0.1503,-0.0392,0.8731,0.462136
23/04/2021 20:18:53.583,34372,TILEBOX @322157,64571,E50573FE1C22,0.1509,-0.0397,0.8732,0.4617087
23/04/2021 20:18:53.643,34430,TILEBOX @322157,64578,CA057BFE1F22,0.1482,-0.0389,0.8735,0.4620837
23/04/2021 20:18:53.643,34431,TILEBOX @322157,64578,BA0579FE2522,0.1466,-0.0391,0.8741,0.4614421
23/04/2021 20:18:53.643,34431,TILEBOX @322157,64578,DA057CFE1A22,0.1498,-0.0388,0.873,0.4625208
23/04/2021 20:18:53.703,34491,TILEBOX @322157,64586,85057BFE3422,0.1413,-0.0389,0.8756,0.460267
23/04/2021 20:18:53.703,34491,TILEBOX @322157,64586,0C0586FE5522,0.1292,-0.0378,0.8789,0.457617
23/04/2021 20:18:53.703,34492,TILEBOX @322157,64586,50057DFE4422,0.136,-0.0387,0.8772,0.4588316
23/04/2021 20:18:53.763,34550,TILEBOX @322157,64593,C9048FFE6722,0.1225,-0.0369,0.8807,0.4560698
23/04/2021 20:18:53.763,34551,TILEBOX @322157,64593,8C049FFE7422,0.1164,-0.0353,0.882,0.4552811
23/04/2021 20:18:53.763,34551,TILEBOX @322157,64593,5004AEFE8122,0.1104,-0.0338,0.8833,0.4543683
23/04/2021 20:18:53.823,34610,TILEBOX @322157,64601,1D04BEFE8B22,0.1053,-0.0322,0.8843,0.4537494
23/04/2021 20:18:53.823,34610,TILEBOX @322157,64601,C603DAFE9B22,0.0966,-0.0294,0.8859,0.452753
23/04/2021 20:18:53.823,34611,TILEBOX @322157,64601,EA03CDFE9522,0.1002,-0.0307,0.8853,0.4530579
23/04/2021 20:18:53.883,34670,TILEBOX @322157,64608,A303E7FEA222,0.0931,-0.0281,0.8866,0.4521981
23/04/2021 20:18:53.883,34671,TILEBOX @322157,64608,360314FFB222,0.0822,-0.0236,0.8882,0.4514277
23/04/2021 20:18:53.883,34670,TILEBOX @322157,64608,6D03FDFEAA22,0.0877,-0.0259,0.8874,0.4518398
23/04/2021 20:18:53.973,34761,TILEBOX @322157,64616,120324FFB722,0.0786,-0.022,0.8887,0.4511655
23/04/2021 20:18:53.973,34762,TILEBOX @322157,64616,C10249FFC122,0.0705,-0.0183,0.8897,0.4506981
23/04/2021 20:18:53.973,34761,TILEBOX @322157,64616,EE0234FFBC22,0.075,-0.0204,0.8892,0.4508683
23/04/2021 20:18:54.033,34820,TILEBOX @322157,64623,6D0270FFCA22,0.0621,-0.0144,0.8906,0.4502974
23/04/2021 20:18:54.033,34821,TILEBOX @322157,64623,460283FFCE22,0.0582,-0.0125,0.891,0.4500839
23/04/2021 20:18:54.033,34821,TILEBOX @322157,64623,94025DFFC622,0.066,-0.0163,0.8902,0.4504689
23/04/2021 20:18:54.095,34882,TILEBOX @322157,64631,240293FFD122,0.0548,-0.0109,0.8913,0.4499583
23/04/2021 20:18:54.095,34883,TILEBOX @322157,64631,F101ACFFD522,0.0497,-0.0084,0.8917,0.4498115
23/04/2021 20:18:54.095,34883,TILEBOX @322157,64631,0202A4FFD422,0.0514,-0.0092,0.8916,0.4498031
23/04/2021 20:18:54.153,34940,TILEBOX @322157,64638,C801C0FFD822,0.0456,-0.0064,0.892,0.449684
23/04/2021 20:18:54.153,34941,TILEBOX @322157,64638,DF01B5FFD722,0.0479,-0.0075,0.8919,0.4496262
23/04/2021 20:18:54.153,34941,TILEBOX @322157,64638,B101CCFFDA22,0.0433,-0.0052,0.8922,0.4495301
23/04/2021 20:18:54.247,35034,TILEBOX @322157,64646,9D01D6FFDB22,0.0413,-0.0042,0.8923,0.4495301
23/04/2021 20:18:54.247,35035,TILEBOX @322157,64646,7301EBFFDD22,0.0371,-0.0021,0.8925,0.4495142
23/04/2021 20:18:54.247,35035,TILEBOX @322157,64646,8901E1FFDC22,0.0393,-0.0031,0.8924,0.4495199
23/04/2021 20:18:54.273,35060,TILEBOX @322157,64653,5D01F6FFDF22,0.0349,-0.001,0.8927,0.4492968
23/04/2021 20:18:54.273,35061,TILEBOX @322157,64653,3B010700E022,0.0315,0.0007,0.8928,0.4493501
23/04/2021 20:18:54.273,35061,TILEBOX @322157,64653,4C01FFFFDF22,0.0332,-0.0001,0.8927,0.4494267
23/04/2021 20:18:54.333,35123,TILEBOX @322157,64661,2D010F00E122,0.0301,0.0015,0.8929,0.4492453
23/04/2021 20:18:54.333,35124,TILEBOX @322157,64661,11011D00E222,0.0273,0.0029,0.893,0.4492185
23/04/2021 20:18:54.333,35124,TILEBOX @322157,64661,1E011700E122,0.0286,0.0023,0.8929,0.4493399
23/04/2021 20:18:54.393,35180,TILEBOX @322157,64668,F8002900E322,0.0248,0.0041,0.8931,0.4491553
23/04/2021 20:18:54.393,35181,TILEBOX @322157,64668,ED002E00E322,0.0237,0.0046,0.8931,0.4492099
23/04/2021 20:18:54.393,35181,TILEBOX @322157,64668,03012400E222,0.0259,0.0036,0.893,0.4492964
23/04/2021 20:18:54.483,35273,TILEBOX @322157,64676,E4003400E322,0.0228,0.0052,0.8931,0.4492499
23/04/2021 20:18:54.483,35274,TILEBOX @322157,64676,D4003C00E422,0.0212,0.006,0.8932,0.4491196
23/04/2021 20:18:54.483,35274,TILEBOX @322157,64676,DB003900E422,0.0219,0.0057,0.8932,0.4490898
23/04/2021 20:18:54.544,35331,TILEBOX @322157,64683,CD003F00E422,0.0205,0.0063,0.8932,0.4491479
23/04/2021 20:18:54.544,35331,TILEBOX @322157,64683,C0004600E422,0.0192,0.007,0.8932,0.449195
23/04/2021 20:18:54.544,35331,TILEBOX @322157,64683,C6004300E422,0.0198,0.0067,0.8932,0.4491736
23/04/2021 20:18:54.603,35390,TILEBOX @322157,64691,BB004800E522,0.0187,0.0072,0.8933,0.449014
23/04/2021 20:18:54.603,35391,TILEBOX @322157,64691,B0004D00E522,0.0176,0.0077,0.8933,0.4490501
23/04/2021 20:18:54.603,35391,TILEBOX @322157,64691,B6004B00E522,0.0182,0.0075,0.8933,0.4490296
23/04/2021 20:18:54.663,35450,TILEBOX @322157,64698,AA005000E522,0.017,0.008,0.8933,0.4490681
23/04/2021 20:18:54.663,35450,TILEBOX @322157,64698,A2005300E622,0.0162,0.0083,0.8934,0.4488932
23/04/2021 20:18:54.663,35451,TILEBOX @322157,64698,A6005100E522,0.0166,0.0081,0.8933,0.4490812
23/04/2021 20:18:54.723,35510,TILEBOX @322157,64706,9E005500E622,0.0158,0.0085,0.8934,0.4489037
23/04/2021 20:18:54.723,35510,TILEBOX @322157,64706,98005700E622,0.0152,0.0087,0.8934,0.4489206
23/04/2021 20:18:54.723,35511,TILEBOX @322157,64706,9A005600E622,0.0154,0.0086,0.8934,0.4489157
23/04/2021 20:18:54.783,35570,TILEBOX @322157,64713,96005900E622,0.015,0.0089,0.8934,0.4489233
23/04/2021 20:18:54.783,35570,TILEBOX @322157,64713,90005A00E622,0.0144,0.009,0.8934,0.448941
23/04/2021 20:18:54.783,35571,TILEBOX @322157,64713,93005A00E622,0.0147,0.009,0.8934,0.4489313
23/04/2021 20:18:54.843,35630,TILEBOX @322157,64721,89005C00E722,0.0137,0.0092,0.8935,0.4487599
23/04/2021 20:18:54.843,35630,TILEBOX @322157,64721,87005C00E722,0.0135,0.0092,0.8935,0.448766
23/04/2021 20:18:54.843,35630,TILEBOX @322157,64721,8D005B00E622,0.0141,0.0091,0.8934,0.4489485
23/04/2021 20:18:54.903,35690,TILEBOX @322157,64728,85005C00E722,0.0133,0.0092,0.8935,0.448772
23/04/2021 20:18:54.903,35696,TILEBOX @322157,64728,82005D00E722,0.013,0.0093,0.8935,0.4487787
23/04/2021 20:18:54.903,35697,TILEBOX @322157,64728,84005C00E722,0.0132,0.0092,0.8935,0.448775
23/04/2021 20:18:54.967,35754,TILEBOX @322157,64736,80005E00E722,0.0128,0.0094,0.8935,0.4487824
23/04/2021 20:18:54.967,35755,TILEBOX @322157,64736,7F005E00E722,0.0127,0.0094,0.8935,0.4487852
23/04/2021 20:18:54.967,35755,TILEBOX @322157,64736,7D005F00E722,0.0125,0.0095,0.8935,0.4487887
23/04/2021 20:18:55.023,35810,TILEBOX @322157,64743,7A006100E722,0.0122,0.0097,0.8935,0.4487927
23/04/2021 20:18:55.023,35811,TILEBOX @322157,64743,78006200E722,0.012,0.0098,0.8935,0.4487959
23/04/2021 20:18:55.023,35811,TILEBOX @322157,64743,7C005F00E722,0.0124,0.0095,0.8935,0.4487915
23/04/2021 20:18:55.172,35960,TILEBOX @322157,64751,77006200E822,0.0119,0.0098,0.8936,0.4485994
23/04/2021 20:18:55.172,35960,TILEBOX @322157,64751,73006200E822,0.0115,0.0098,0.8936,0.4486098
23/04/2021 20:18:55.172,35961,TILEBOX @322157,64751,75006200E822,0.0117,0.0098,0.8936,0.4486047
23/04/2021 20:18:55.189,35977,TILEBOX @322157,64758,71006300E822,0.0113,0.0099,0.8936,0.4486127
23/04/2021 20:18:55.190,35977,TILEBOX @322157,64758,6F006600E822,0.0111,0.0102,0.8936,0.448611
23/04/2021 20:18:55.190,35977,TILEBOX @322157,64758,70006400E822,0.0112,0.01,0.8936,0.448613
23/04/2021 20:18:55.233,36023,TILEBOX @322157,64766,6F006500E822,0.0111,0.0101,0.8936,0.4486132
23/04/2021 20:18:55.233,36023,TILEBOX @322157,64766,6E006500E822,0.011,0.0101,0.8936,0.4486158
23/04/2021 20:18:55.233,36024,TILEBOX @322157,64766,6F006500E822,0.0111,0.0101,0.8936,0.4486132
23/04/2021 20:18:55.293,36080,TILEBOX @322157,64773,6E006600E922,0.011,0.0102,0.8937,0.4484141
23/04/2021 20:18:55.293,36081,TILEBOX @322157,64773,6D006700E922,0.0109,0.0103,0.8937,0.4484144
23/04/2021 20:18:55.293,36081,TILEBOX @322157,64773,6D006600E922,0.0109,0.0102,0.8937,0.4484166
23/04/2021 20:18:55.353,36140,TILEBOX @322157,64781,6C006600E922,0.0108,0.0102,0.8937,0.4484191
23/04/2021 20:18:55.353,36140,TILEBOX @322157,64781,6C006600E922,0.0108,0.0102,0.8937,0.4484191
23/04/2021 20:18:55.353,36141,TILEBOX @322157,64781,6B006600E922,0.0107,0.0102,0.8937,0.4484215
