-59,-996,-51,-1890,-2170,2310
-59,-996,-51,-1890,-2170,2310
-58,-998,-54,-1400,-1050,1400
-61,-994,-56,-840,-420,490
-63,-996,-58,-140,-350,-210
-59,-1000,-57,490,-350,-770
-50,-999,-52,910,420,-1050
-42,-998,-48,1260,1260,-840
-40,-1001,-46,1260,1960,-350
-43,-1004,-44,1190,2240,0
-45,-1000,-41,1190,2240,0
-47,-996,-42,980,1820,70
-47,-996,-42,700,980,-70
-45,-997,-44,560,490,-70
-46,-1000,-47,350,350,-210
-44,-1001,-48,560,-140,-350
-40,-1000,-49,350,280,-700
-39,-1000,-50,350,350,-560
-37,-1003,-52,770,140,-210
-37,-1003,-54,840,-70,420
-34,-1001,-53,1050,70,1050
-37,-996,-49,1400,490,1330
-39,-992,-48,1890,980,1540
-40,-990,-47,1960,1330,1330
-42,-990,-47,2030,1750,980
-39,-990,-47,2170,2170,910
-39,-990,-47,2100,2170,840
-39,-992,-44,2380,1820,630
-36,-1000,-39,2310,840,490
-34,-1004,-38,1890,-840,700
-32,-1000,-35,1330,-2380,1680
-34,-998,-32,1330,-2380,1680
-44,-1000,-35,770,-3500,3080
-44,-1000,-35,0,-4410,4130
-55,-999,-40,-140,-5530,3990
-61,-999,-48,0,-6230,3010
-62,-996,-51,420,-5460,1610
-55,-990,-50,1260,-3500,490
-48,-988,-47,2030,-1190,-350
-45,-990,-41,2310,350,-1050
-43,-995,-36,2380,-630,-1050
-39,-1000,-33,1750,-840,-770
-38,-1003,-32,1050,-2310,-280
-38,-1001,-31,490,-4200,560
-40,-998,-34,70,-5740,1260
-44,-995,-40,-70,-6860,1680
-52,-992,-45,140,-7630,1330
-55,-986,-51,560,-7700,70
-52,-976,-53,910,-7420,-1750
-52,-966,-48,1190,-6650,-3150
-53,-961,-37,1330,-5600,-3710
-56,-953,-27,1610,-7070,-3640
-47,-946,-28,1610,-7070,-3640
-25,-940,-21,1540,-9170,-3080
-25,-940,-21,420,-10150,-2100
-4,-931,-3,-1330,-11200,-140
40,-915,22,-3570,-11690,4060
103,-899,41,-6510,-9730,11970
113,-884,51,-9240,-7700,21280
84,-865,46,-11900,-8330,30240
61,-834,44,-14980,-12040,36680
38,-789,66,-18410,-19460,38990
18,-729,80,-21210,-27090,39200
9,-659,70,-21910,-33180,38990
7,-593,43,-21000,-33040,37310
-27,-538,42,-19600,-24710,33110
-84,-493,39,-19740,-14140,25410
-96,-463,30,-19390,-6300,15820
-57,-465,50,-19320,1120,5460
-28,-483,81,-18550,6370,-2660
-19,-531,111,-18550,9450,-5810
-16,-609,115,-21070,11060,-6020
-9,-693,92,-24080,6090,-6860
19,-793,82,-24080,6090,-6860
63,-917,74,-26670,-280,-8890
63,-917,74,-26740,-4130,-12110
84,-1043,44,-24640,2940,-16590
70,-1138,19,-21420,11340,-19110
42,-1191,19,-17430,13790,-17080
14,-1220,52,-13650,8680,-14350
39,-1266,58,-9800,4340,-9730
104,-1311,40,-7420,5810,-5040
117,-1333,62,-5600,5460,-2590
75,-1357,101,-3570,-1680,-2030
-27,-1368,153,-3290,-23520,-3430
-16,-1348,139,490,-51380,-2380
91,-1339,84,3850,-55860,-840
95,-1313,92,5460,-53760,1890
-3,-1255,135,8680,-58310,2940
-120,-1218,95,13650,-86380,3430
-98,-1209,40,19320,-100450,3640
128,-1213,0,22400,-94080,5670
241,-1217,-47,19670,-68390,6860
141,-1191,-49,19670,-68390,6860
45,-1193,-24,20090,-42280,5810
-118,-1181,105,20860,-23800,1050
-118,-1181,105,17920,-47250,-16660
-74,-1193,231,5950,-53550,-25760
28,-1230,214,5110,-58170,-24780
125,-1256,134,8540,-60760,-15960
278,-1270,121,9450,-42350,-6300
183,-1216,148,9310,-30520,-280
28,-1166,153,6650,-23310,-560
-23,-1087,110,4410,-16240,-7000
62,-991,-25,5880,3500,-11060
177,-947,-159,7210,27790,-9450
102,-969,-229,11690,38430,-9800
-266,-992,-95,11830,33740,-14980
-313,-1047,131,9170,12600,-10850
-113,-1096,111,3080,-70,-4760
-65,-1102,47,4620,-15960,-210
-22,-1157,90,3920,-15750,-1260
-50,-1245,68,3080,-9520,-1400
-111,-1315,33,3220,-11900,700
-147,-1372,43,3570,-20580,4620
-113,-1378,21,3570,-20580,4620
-81,-1359,-32,3430,-25340,7000
-81,-1359,-32,3290,-19880,5110
-71,-1372,-25,1540,-14420,210
-76,-1403,-4,-560,-18760,-3990
-77,-1431,-18,-1820,-25270,-4410
-80,-1393,22,-3290,-23380,-4970
-108,-1361,16,-2450,-18340,-6020
-99,-1377,-43,910,-8540,-8330
-73,-1360,-21,4410,1540,-9940
-71,-1312,52,7280,6300,-9730
-82,-1282,50,9380,5740,-10500
-111,-1278,0,9800,7630,-10920
-103,-1265,5,9170,6370,-11550
-100,-1269,9,7770,3570,-11340
-103,-1266,15,6020,-4410,-10570
-96,-1224,58,4060,-12390,-9660
-94,-1166,53,3150,-19040,-8190
-72,-1108,19,2380,-19600,-6580
-33,-1043,32,1890,-17080,-5040
-27,-959,36,1890,-17080,-5040
-40,-881,33,630,-15610,-4200
-16,-813,20,-1540,-14770,-3430
-16,-813,20,-3360,-16100,-2940
15,-761,31,-4970,-18130,-1820
11,-726,39,-7210,-20720,-630
-7,-692,13,-10570,-23870,490
9,-676,-16,-14140,-27860,1400
12,-680,-28,-17290,-28350,2030
7,-682,-13,-20300,-28630,3640
30,-680,-6,-22820,-30380,6090
24,-679,7,-23940,-32830,8960
-3,-684,42,-24430,-36820,12670
-17,-685,58,-25620,-40670,16170
-29,-712,75,-27300,-49770,18760
42,-749,88,-28700,-60690,20580
133,-760,13,-31990,-61460,24850
60,-795,24,-35140,-70910,29960
-34,-822,82,-39480,-79870,36680
7,-849,91,-42630,-84280,41650
41,-872,93,-43260,-87570,43540
104,-864,26,-41860,-84000,46340
155,-890,41,-41860,-84000,46340
137,-941,180,-42210,-64400,45360
137,-941,180,-38150,-63700,42770
123,-956,318,-32970,-73080,40740
61,-968,365,-28490,-89460,42840
103,-953,388,-24570,-93800,43610
185,-900,349,-20300,-99400,39550
223,-848,239,-15750,-96040,32970
258,-811,164,-12110,-89040,25340
213,-833,196,-12880,-80080,20370
174,-839,289,-12460,-74340,14980
189,-821,299,-8890,-84560,11620
198,-823,291,-5460,-83440,10570
197,-817,258,-2450,-80990,12740
174,-801,236,-1050,-85750,14560
174,-791,217,-630,-89810,12950
267,-812,188,-1330,-88760,5810
307,-822,181,-2450,-93660,-4480
275,-798,184,-4270,-89110,-13160
279,-815,167,-4200,-83930,-19040
269,-837,134,-2030,-83860,-19110
210,-837,128,-2030,-83860,-19110
224,-881,116,-630,-80500,-18760
224,-881,116,2170,-79240,-17430
248,-942,96,4340,-77210,-18690
241,-984,76,4760,-69650,-21910
224,-1011,62,5040,-69510,-24360
171,-1016,58,4760,-71120,-24290
169,-1013,25,3640,-65730,-22820
191,-1018,16,3150,-58450,-21280
180,-1026,38,2310,-53200,-16170
169,-1032,-22,3220,-53830,-9800
184,-1034,-30,6510,-53200,-3640
213,-1058,-6,10990,-55510,2100
279,-1063,-29,14350,-59360,4690
345,-1041,-33,15680,-58730,4830
417,-1033,-80,17570,-62790,2660
470,-1007,-104,20230,-69090,5110
502,-970,-70,25690,-62370,11480
553,-961,-125,33250,-49630,21560
615,-981,-231,44240,-51800,35980
699,-1005,-276,44240,-51800,35980
730,-1009,-297,56210,-56980,53410
754,-1030,-336,68670,-56840,69090
754,-1030,-336,84350,-46410,82670
816,-1080,-416,102760,-42980,97860
910,-1163,-499,119420,-32270,109970
819,-1158,-546,136780,-32410,123970
756,-1121,-621,153650,-32830,138180
872,-1152,-713,166600,-23100,149870
863,-1123,-738,179550,-16100,158550
805,-1080,-730,192220,-12460,164920
809,-1066,-811,204960,-7000,168910
862,-1077,-925,215530,1820,173110
853,-1035,-821,226240,8330,174930
818,-975,-760,232120,19460,177660
802,-931,-876,235760,23240,180880
732,-841,-850,240870,24710,183820
644,-716,-695,245630,24010,184240
626,-567,-545,249130,25410,180320
571,-388,-442,251160,25550,173250
555,-230,-392,244860,23520,162470
578,-158,-335,244860,23520,162470
510,-124,-238,228970,34860,151060
413,-73,-142,208040,50400,140070
413,-73,-142,185850,54740,130410
287,-15,38,159600,53760,120330
235,22,145,127680,51170,108640
222,38,127,91560,47180,89390
160,38,150,59570,29960,69090
150,65,234,28070,18200,45220
129,99,200,-3080,10150,17920
137,117,121,-34510,3430,-10710
259,106,129,-65030,2870,-42980
305,125,53,-89530,-8820,-72100
299,185,-31,-110110,-15820,-94990
373,182,-38,-129640,-5390,-114170
489,121,-89,-145180,-6930,-132090
565,92,-299,-155470,-33040,-146720
629,74,-377,-165270,-36190,-155890
720,-14,-354,-175280,-22750,-169050
665,-68,-367,-177030,-27720,-178290
737,-132,-476,-174230,-46830,-176260
847,-220,-537,-174230,-46830,-176260
764,-248,-594,-176750,-37240,-174370
744,-323,-580,-176050,-39900,-174720
744,-323,-580,-169960,-55860,-168280
886,-383,-543,-167580,-49770,-161070
929,-450,-752,-167860,-32480,-160510
828,-592,-808,-159600,-48160,-151270
847,-711,-771,-152810,-51730,-140770
868,-779,-772,-149660,-28420,-137060
750,-797,-839,-142940,-31080,-130970
659,-841,-884,-135800,-44170,-119770
635,-894,-704,-131040,-37310,-112420
647,-888,-607,-126140,-28980,-106120
699,-890,-697,-119560,-30870,-100870
661,-941,-607,-112280,-26530,-92820
675,-984,-542,-105350,-14280,-85190
671,-974,-668,-94360,-18340,-76790
638,-1031,-705,-80710,-21210,-64260
598,-1052,-559,-65590,-14140,-53200
552,-967,-548,-49000,-7980,-38500
628,-971,-698,-33180,-17220,-20300
707,-977,-680,-33180,-17220,-20300
707,-935,-607,-12950,-19950,-5040
722,-917,-655,9940,-5600,6020
722,-917,-655,32060,4270,17990
787,-890,-678,53060,280,29470
833,-890,-675,71610,7420,41790
812,-924,-763,89530,9450,57400
806,-978,-817,106540,11550,75600
839,-1033,-802,124950,16380,94360
816,-1043,-841,143710,16730,109620
810,-1052,-917,162050,20020,121380
851,-1064,-955,178850,25480,130690
844,-1056,-981,194180,30450,138180
826,-1042,-986,208810,37240,143990
795,-1007,-969,222460,45080,150290
768,-934,-988,232750,44800,157920
755,-862,-993,241150,43610,164010
718,-798,-896,248010,38010,165690
699,-663,-764,251510,25340,163310
645,-505,-639,250530,22190,159950
567,-378,-551,244440,38010,154490
552,-290,-385,244440,38010,154490
550,-190,-250,232470,56700,148680
485,-113,-200,214480,72310,144060
485,-113,-200,193550,67200,137130
418,-120,-143,169260,59430,127260
330,-112,-91,140910,56350,113050
239,-101,3,111440,49140,96950
191,-87,130,82040,37100,78820
134,6,103,53760,27160,58100
165,19,12,24220,18340,34230
182,6,95,-4060,6020,7000
154,76,168,-30520,280,-17500
168,146,15,-55720,-10500,-39480
252,169,-121,-79800,-21280,-60620
341,161,-88,-102550,-19180,-80570
399,179,-167,-119910,-20370,-96670
457,189,-287,-133840,-20790,-110320
519,151,-413,-143640,-30520,-122010
570,84,-443,-150430,-35280,-135800
599,12,-406,-155050,-33600,-143780
630,-70,-531,-157640,-39830,-149100
618,-130,-560,-157640,-39830,-149100
641,-196,-530,-158760,-47810,-149590
666,-245,-573,-161070,-49350,-147350
666,-245,-573,-162540,-44310,-146160
742,-355,-702,-161840,-55230,-144970
774,-483,-719,-159460,-70140,-142730
758,-565,-660,-158760,-54950,-141470
721,-614,-820,-159110,-39550,-139230
720,-683,-897,-156940,-49280,-134960
753,-735,-796,-152600,-51380,-132090
722,-823,-782,-149520,-34650,-129710
622,-846,-803,-145180,-31710,-125650
647,-817,-801,-139160,-38430,-113890
678,-843,-664,-134610,-34300,-105000
606,-816,-533,-130340,-23450,-97440
709,-847,-777,-127680,-20370,-88900
693,-919,-841,-123620,-26810,-82810
577,-953,-630,-113610,-21980,-77700
536,-942,-559,-102550,-9590,-70140
562,-963,-560,-92400,-6930,-59850
617,-985,-576,-81620,-17360,-52220
593,-971,-538,-81620,-17360,-52220
573,-1001,-527,-70630,-17710,-46690
562,-1065,-576,-57890,-6930,-39060
562,-1065,-576,-38640,-3010,-25340
547,-1095,-582,-16800,-140,-8330
587,-1051,-618,5740,-4060,9450
624,-981,-626,26810,-2310,27790
705,-935,-692,45780,-770,46480
808,-922,-738,63770,3640,60550
810,-930,-748,83090,8680,72660
776,-977,-815,104860,9590,85820
794,-1043,-878,125720,14070,100380
771,-1070,-921,145320,18340,114030
736,-1089,-938,165200,19670,126980
743,-1100,-1002,183960,21070,136080
753,-1133,-1065,203070,22680,138670
735,-1180,-1083,222040,25550,138810
680,-1175,-1079,238910,28350,140840
652,-1127,-1061,253960,36190,143850
617,-1019,-1020,264740,40390,150290
551,-852,-888,272370,37660,159110
525,-660,-729,272370,37660,159110
524,-476,-590,275380,38220,162260
518,-324,-404,273560,45150,159810
518,-324,-404,265440,42140,154070
553,-228,-312,249690,49140,144830
568,-179,-289,226940,58030,128660
501,-151,-212,201390,61390,112560
368,-101,-76,175770,63210,100100
295,-48,29,146580,68880,88690
289,-37,63,115780,63140,76440
254,5,95,83300,53760,63770
232,46,76,50050,40880,48440
180,109,56,17920,25900,32480
181,144,96,-11620,12950,15400
249,165,72,-36260,4270,-3850
276,217,-4,-58870,-2170,-23380
307,237,-41,-81480,-12810,-40320
348,246,-55,-103390,-13020,-52710
404,279,-276,-121800,-8890,-65590
417,288,-405,-136990,-14700,-82320
481,217,-255,-144340,-27440,-99330
619,127,-287,-144340,-27440,-99330
612,83,-529,-150780,-19180,-117320
562,-2,-632,-157360,-15190,-129780
562,-2,-632,-160090,-41230,-134120
580,-110,-491,-160230,-50540,-135240
662,-205,-595,-162260,-38990,-134680
678,-289,-700,-163240,-44660,-132090
637,-319,-546,-161980,-63350,-128800
745,-365,-703,-163590,-56980,-128730
775,-450,-852,-167440,-57260,-132370
707,-538,-773,-166180,-59570,-131530
728,-625,-721,-163660,-47740,-132230
694,-688,-810,-160020,-39550,-129850
648,-705,-853,-156100,-48090,-123410
663,-745,-680,-154700,-40600,-117180
650,-790,-664,-152740,-36050,-113400
637,-828,-729,-149940,-29470,-110320
605,-880,-671,-149240,-31360,-103880
576,-912,-633,-146440,-32900,-99540
543,-901,-783,-140140,-11830,-97300
544,-986,-837,-129570,-7980,-90510
559,-1064,-637,-129570,-7980,-90510
540,-1041,-601,-119980,-7000,-80710
540,-1041,-601,-109200,-7210,-71260
473,-1008,-723,-97580,-3850,-65310
475,-1019,-687,-83370,-4550,-54530
522,-1036,-566,-66640,-2450,-44450
492,-1007,-564,-47600,-1470,-33250
489,-970,-608,-28770,-4340,-19670
523,-961,-575,-11480,-6720,-3290
606,-988,-581,7070,-4550,10220
633,-995,-634,28000,-5320,22400
600,-1026,-617,49980,840,35350
634,-1049,-656,70700,5390,48510
663,-1035,-704,88340,6650,61460
667,-1025,-716,104650,6090,75040
684,-1042,-765,120820,3500,88620
698,-1065,-811,137830,5180,101500
695,-1089,-865,155470,7980,114380
698,-1098,-865,172480,14210,123340
745,-1072,-909,188020,25830,129220
757,-1045,-1016,202160,32550,134890
720,-1011,-1079,202160,32550,134890
703,-956,-1103,214900,38920,142590
703,-898,-1087,226660,42280,150080
703,-898,-1087,238070,46480,155890
696,-818,-1028,247660,52640,159250
695,-724,-943,255290,54320,163870
671,-627,-855,260260,52220,164570
609,-513,-739,260960,50400,162260
572,-373,-598,257810,49910,157290
545,-253,-437,247310,60480,149590
494,-181,-295,229530,68530,137620
468,-160,-187,209720,71120,125790
402,-115,-98,185500,73360,112350
265,-66,33,154840,77700,99610
197,-27,60,122010,72380,87080
174,-20,70,87430,57120,70490
153,7,54,56980,40880,51450
143,76,24,25620,24220,28910
189,67,114,-1680,9310,9660
230,83,87,-29960,7070,-10010
236,131,-26,-55440,-2450,-27930
277,190,-147,-55440,-2450,-27930
323,218,-149,-80710,-14630,-47880
323,218,-149,-103040,-22750,-66640
397,211,-104,-121310,-13720,-84560
452,197,-231,-134680,-13020,-100380
460,198,-365,-143710,-26950,-112700
552,142,-381,-151480,-45010,-124110
667,24,-381,-158970,-43960,-132860
639,-26,-439,-163310,-36890,-138880
601,-92,-524,-165900,-43750,-137970
723,-204,-584,-165900,-43750,-137970
763,-250,-559,-169820,-55440,-139090
710,-266,-596,-170240,-52710,-140630
747,-344,-626,-168280,-60550,-142170
839,-445,-746,-167860,-66920,-143220
824,-539,-876,-169260,-60130,-141960
628,-602,-870,-169680,-51450,-136990
666,-733,-830,-164710,-44590,-130970
743,-820,-865,-159530,-38570,-127540
641,-787,-948,-155680,-40950,-120750
604,-785,-767,-152460,-39690,-117110
669,-836,-652,-152460,-39690,-117110
691,-901,-643,-144830,-34020,-115360
655,-897,-852,-135730,-32130,-108360
655,-897,-852,-131810,-32760,-98490
534,-907,-863,-128590,-28210,-90720
466,-949,-573,-119980,-21910,-82180
551,-949,-588,-108080,-20230,-77630
559,-978,-690,-98000,-20440,-69650
544,-1028,-658,-88340,-19530,-58170
506,-1027,-534,-73920,-10990,-48510
506,-1032,-604,-55860,-11130,-37870
548,-1057,-658,-38360,-10500,-25200
573,-1031,-562,-18410,-6510,-13230
607,-1013,-663,2730,2310,0
568,-1005,-700,23100,2450,17500
592,-948,-679,42490,-1540,35980
669,-919,-669,60550,3710,51870
706,-918,-682,78680,10570,67900
746,-955,-774,96460,9240,83230
782,-1000,-822,114520,8190,96390
797,-1031,-878,132300,13020,108220
799,-1068,-907,132300,13020,108220
797,-1074,-922,150080,22610,116620
777,-1069,-934,166460,31220,126490
777,-1069,-934,179900,35770,137620
768,-1067,-980,191940,36960,148470
782,-1067,-1014,205590,37730,156730
795,-1034,-1001,219240,40460,165760
791,-955,-977,228830,46270,174790
763,-842,-926,235900,50610,180390
742,-716,-878,243530,55440,181720
739,-608,-799,249130,57960,179690
689,-478,-701,250950,58870,178290
591,-337,-580,249480,55510,174650
568,-220,-390,242480,60270,165620
558,-120,-293,226100,82180,151550
453,-50,-238,204050,90650,136360
275,-16,63,157290,76510,116970
279,-45,77,124110,75460,103950
184,-5,37,88200,65870,85680
118,62,86,55370,49210,68740
136,95,102,55370,49210,68740
157,131,68,25410,37800,46550
157,175,48,1890,23450,21140
191,175,48,-20300,18060,-4760
198,211,-14,-41650,5320,-28210
247,257,-46,-61320,-7840,-47320
334,307,-72,-79940,-9590,-64470
369,340,-149,-95900,-16520,-80080
410,362,-157,-107800,-24570,-93100
469,346,-111,-118020,-28070,-108920
549,270,-166,-126070,-31220,-124040
613,196,-301,-133000,-38780,-137620
652,114,-431,-139090,-54180,-148190
662,11,-418,-143430,-57680,-153720
678,-71,-366,-147210,-43260,-156380
724,-154,-455,-149380,-52150,-152530
774,-206,-575,-150570,-70770,-150150
772,-264,-577,-153930,-68110,-147280
752,-344,-618,-157570,-57050,-149870
773,-395,-665,-158410,-59850,-152110
805,-490,-714,-158340,-68390,-149730
805,-553,-809,-158340,-68390,-149730
775,-661,-784,-159810,-61320,-148120
775,-661,-784,-159390,-46760,-145110
704,-728,-749,-154700,-44870,-143360
744,-720,-768,-149310,-54460,-145460
810,-816,-815,-145950,-47320,-143150
699,-876,-786,-144970,-38920,-135450
632,-894,-724,-140910,-31640,-128310
634,-902,-708,-130550,-34930,-119140
637,-874,-678,-120610,-33390,-109830
634,-887,-645,-110040,-25690,-100450
609,-957,-679,-98420,-23520,-92750
616,-1032,-739,-88970,-21910,-82180
601,-1051,-665,-78400,-18830,-69510
617,-1056,-636,-62370,-15400,-58310
615,-1087,-667,-42700,-5740,-45360
597,-1084,-692,-24290,-560,-30030
612,-1059,-687,-8610,2450,-16030
536,-1004,-685,9240,5180,1540
550,-1005,-685,29680,5670,24500
674,-1028,-687,50820,3780,46060
747,-980,-691,50820,3780,46060
759,-934,-733,70420,7770,62370
759,-934,-733,86380,17710,73780
785,-968,-844,102200,23170,84630
790,-1023,-835,120960,29260,94780
742,-1048,-857,139860,32760,108920
719,-1073,-948,154420,31920,125580
737,-1081,-989,168350,32550,138950
719,-1068,-981,182630,36540,148120
726,-1041,-998,197330,40110,154700
766,-1014,-1033,210630,46130,159040
770,-994,-1023,220500,51380,163870
728,-955,-955,230020,54110,168350
682,-852,-947,238630,63000,171570
725,-744,-937,242690,69370,172620
724,-643,-821,242200,69930,175070
588,-439,-625,240590,65730,175910
534,-225,-416,237370,61600,170940
558,-90,-278,226660,70560,157640
489,-24,-198,210560,74480,143010
401,-7,-149,191940,73360,133140
338,-21,-120,191940,73360,133140
239,-36,-58,168420,74130,122290
239,-36,-58,141190,69020,107030
153,-19,4,111860,56630,91630
166,5,38,82110,43750,73430
180,39,128,51100,41650,48230
145,123,104,24290,29750,22330
171,176,49,-2100,18130,-2590
203,185,66,-27650,5320,-27510
237,231,68,-50890,-12040,-47110
290,302,-64,-70910,-21560,-60480
384,311,-129,-88410,-29120,-71610
487,289,-101,-102550,-32550,-87080
560,273,-118,-113470,-33460,-102480
592,253,-217,-122990,-36890,-117040
594,212,-359,-132510,-47180,-127960
606,133,-293,-139370,-56560,-137480
645,78,-328,-145110,-57120,-143850
672,-13,-447,-151760,-48650,-148330
634,-104,-490,-155750,-55860,-150640
668,-190,-551,-158620,-61110,-151130
664,-264,-552,-158620,-61110,-151130
650,-347,-613,-159880,-56700,-149030
650,-347,-613,-161000,-61250,-147490
672,-430,-709,-161840,-73010,-145810
719,-509,-741,-164150,-73360,-145670
766,-611,-702,-164010,-61250,-145600
721,-615,-878,-162680,-66290,-145600
667,-687,-895,-162120,-59500,-146300
631,-794,-652,-153300,-48790,-141540
608,-768,-665,-147700,-35560,-136010
631,-782,-762,-144970,-41930,-127960
684,-893,-969,-143360,-58380,-119770
623,-972,-836,-139580,-53900,-116900
550,-990,-719,-128030,-34790,-110810
547,-1031,-807,-119210,-23100,-101010
577,-999,-668,-111860,-23240,-90930
626,-983,-601,-107800,-23170,-83090
642,-977,-726,-102130,-29820,-80290
557,-1042,-705,-92330,-20930,-69230
466,-1128,-536,-71050,-12880,-52290
528,-1113,-671,-49070,-14630,-34020
531,-1085,-715,-49070,-14630,-34020
511,-1060,-525,-28420,-11690,-19180
511,-1060,-525,-4970,-5950,-1750
617,-1083,-506,18340,-490,15260
667,-1090,-695,35210,5180,29050
593,-1048,-698,50540,5950,44310
570,-1025,-653,69090,9800,62370
631,-1052,-798,88550,5460,80850
696,-1092,-878,107100,5740,96950
697,-1143,-855,127680,9870,109690
640,-1137,-871,147910,13790,119490
668,-1125,-975,164710,22470,127330
682,-1121,-1002,178990,29610,136360
654,-1060,-994,193130,32200,147630
695,-1021,-1000,206990,36400,157710
746,-973,-1002,219170,42560,165970
765,-895,-966,229460,51590,171570
758,-836,-953,238000,60480,177170
736,-759,-948,242480,65450,180110
693,-681,-854,244930,66010,181160
606,-575,-739,243950,60340,179760
528,-419,-602,243950,60340,179760
458,-274,-439,241920,49770,170240
458,-274,-439,236740,51030,159390
366,-163,-299,224350,56210,150850
355,-80,-203,202160,66710,139930
404,-45,-193,176260,74060,124390
293,-34,-82,151900,66010,106050
183,-18,31,125650,59010,89530
178,-7,46,99610,51030,71050
141,51,80,71960,43960,54810
136,120,57,42420,33670,39060
167,162,22,14140,21910,21350
199,205,66,-11480,8820,1120
241,245,47,-39060,-910,-23170
289,274,16,-64330,-12670,-47460
352,289,-30,-86450,-21070,-69790
412,297,-99,-103880,-26740,-89250
459,292,-160,-118020,-31710,-104720
507,257,-252,-130900,-37170,-115570
556,200,-326,-142100,-42700,-123690
597,153,-433,-149450,-46340,-129570
596,84,-439,-149450,-46340,-129570
610,-24,-420,-152390,-49000,-133840
610,-24,-420,-154350,-38850,-138040
621,-88,-503,-153860,-43330,-142730
682,-184,-680,-154700,-62300,-144690
726,-260,-701,-155190,-69300,-145950
648,-285,-573,-154280,-64820,-148470
701,-414,-589,-152530,-62300,-144550
847,-548,-810,-152250,-64960,-141610
753,-644,-909,-151340,-60270,-139230
560,-642,-841,-148470,-50680,-139090
549,-628,-748,-142450,-57750,-133280
728,-694,-759,-138320,-55720,-129220
713,-786,-727,-136710,-45220,-122010
538,-815,-907,-137620,-48720,-111720
519,-902,-973,-137410,-53200,-108990
570,-965,-723,-129010,-42420,-108360
569,-905,-665,-121310,-29330,-105070
542,-869,-640,-116410,-18690,-100520
565,-932,-724,-115920,-15890,-93030
507,-986,-674,-115920,-15890,-93030
451,-988,-547,-111300,-15540,-88270
451,-1053,-538,-102200,-5810,-82530
451,-1053,-538,-93310,-2590,-74200
486,-1064,-530,-82810,-3010,-63910
495,-1042,-480,-70980,-9100,-51590
439,-999,-443,-62230,-8190,-43960
501,-984,-547,-53830,-7980,-37520
482,-1042,-538,-35840,-2590,-25060
428,-1127,-452,-12600,6370,-9310
489,-1125,-597,6930,3570,5600
493,-1072,-679,22190,3080,21700
519,-1040,-635,38500,5950,38850
547,-1022,-622,58380,2660,58380
583,-1041,-685,77140,2450,78960
652,-1078,-805,94220,8190,96880
671,-1100,-848,112910,12390,111090
675,-1126,-856,132580,16940,123270
686,-1150,-908,150780,23380,133000
697,-1165,-934,167230,31010,140210
697,-1169,-920,180530,41020,146650
676,-1126,-897,180530,41020,146650
689,-1071,-884,193130,45780,153160
704,-1028,-912,203700,54460,157920
704,-1028,-912,210630,60410,164360
692,-954,-912,218820,59710,171080
709,-844,-878,227920,59640,178360
707,-730,-878,234360,63840,183260
648,-608,-806,238910,63560,187740
575,-491,-647,240590,62230,188510
518,-352,-499,239400,58310,181370
500,-226,-336,230160,62720,168910
461,-145,-198,212520,78470,155190
411,-95,-206,190470,85540,141540
297,-92,-144,166040,80150,128730
225,-84,-16,139790,74480,115920
241,-87,8,107030,70420,97160
195,-28,-29,78260,57260,76300
158,34,4,49490,48510,52080
144,54,79,20930,42910,27440
138,130,95,-5670,25410,4550
166,198,38,-33040,13790,-17010
222,243,-36,-33040,13790,-17010
278,287,-22,-57400,-700,-38640
362,292,-51,-77910,-12250,-62020
362,292,-51,-94920,-17920,-84420
410,286,-139,-108080,-24290,-104230
437,277,-161,-119630,-27720,-119840
506,222,-195,-129360,-37940,-133350
593,176,-329,-136360,-61600,-142100
678,96,-334,-142100,-61670,-148960
667,-9,-340,-146440,-55930,-153930
686,-102,-483,-147700,-68460,-157500
791,-187,-571,-150150,-72870,-157290
824,-272,-605,-154560,-66360,-158550
704,-358,-598,-156730,-67900,-158760
680,-429,-644,-157430,-66920,-155960
826,-490,-766,-160020,-54880,-153790
776,-550,-709,-161000,-43610,-153020
684,-690,-621,-154000,-45990,-142730
663,-772,-642,-148330,-43190,-130410
711,-783,-782,-148750,-20720,-128520
589,-720,-840,-149450,-19110,-132790
557,-756,-652,-145950,-44310,-130060
706,-890,-483,-143920,-21840,-131040
666,-962,-550,-143920,-21840,-131040
666,-962,-550,-133980,-4130,-125580
576,-1015,-641,-126210,-9380,-116900
576,-1028,-656,-122290,-22260,-107730
581,-1065,-642,-116340,-14910,-104930
490,-1080,-584,-105700,-9100,-97860
515,-1099,-567,-94080,-10710,-84490
559,-1125,-482,-79310,-7770,-70770
568,-1090,-492,-64750,-8260,-61740
546,-1026,-551,-51380,-10990,-53130
533,-1050,-545,-34580,-11900,-37660
521,-1089,-494,-13580,-15610,-17920
543,-1092,-477,8190,-17430,1890
594,-1074,-557,26950,-21350,18900
607,-1064,-610,44940,-20440,37590
643,-1058,-629,64400,-13720,57120
654,-1020,-697,81830,-7420,73290
696,-1008,-719,97860,-4550,89390
730,-1046,-770,114660,-3010,107730
726,-1085,-812,114660,-3010,107730
743,-1131,-808,129150,-1750,123620
773,-1165,-892,145040,1050,136360
773,-1165,-892,160580,9030,146300
790,-1147,-923,174580,18550,152460
722,-1104,-877,188300,28840,156870
705,-1083,-914,201810,38920,165270
765,-1068,-1000,213710,52850,174650
765,-1016,-986,220990,58030,180810
777,-926,-967,229320,57470,183960
766,-838,-881,235900,61600,182910
640,-720,-777,239680,62580,185360
528,-581,-653,240660,55720,191170
467,-439,-452,235480,50820,191450
440,-259,-326,225820,53970,184100
464,-120,-207,211260,65170,170380
453,-73,-171,190540,71400,152880
328,-80,-79,164640,74200,133070
172,-33,32,136780,63770,114660
160,-2,101,107170,50400,96460
169,32,63,78540,40250,74550
133,72,37,78540,40250,74550
149,79,82,47600,30590,49280
142,136,63,16170,25620,23940
142,136,63,-14700,17570,700
173,195,56,-42910,4760,-22400
250,247,-33,-66570,-5040,-44730
294,291,-83,-85610,-16380,-63910
378,299,-77,-103460,-21070,-79590
475,279,-167,-118160,-23030,-94780
496,270,-246,-127680,-31570,-108710
541,224,-294,-135450,-41650,-121660
639,138,-373,-142170,-44030,-133630
663,55,-391,-147630,-45080,-143850
664,-41,-442,-152110,-48790,-148890
668,-128,-515,-156450,-45080,-152740
661,-163,-517,-157080,-52220,-155960
726,-264,-600,-157710,-60620,-156520
705,-360,-636,-156240,-62650,-156240
693,-449,-585,-155680,-56070,-154280
767,-575,-582,-154280,-49560,-152530
740,-570,-758,-154840,-42630,-150780
697,-597,-841,-154840,-42630,-150780
693,-706,-767,-156450,-45080,-150780
715,-870,-769,-151620,-51450,-146510
715,-870,-769,-146510,-44170,-138390
699,-915,-795,-141750,-22890,-133490
621,-823,-805,-138950,-9170,-128100
638,-814,-673,-133210,-24640,-120820
718,-888,-584,-130760,-31010,-113120
637,-958,-549,-129570,-13720,-108080
534,-966,-499,-124810,-12320,-96180
563,-972,-580,-119630,-20230,-83650
587,-1036,-572,-114380,-19530,-77910
516,-1132,-455,-101010,-11060,-71190
494,-1157,-538,-84980,-8330,-64400
517,-1142,-582,-68810,-4200,-59150
509,-1111,-485,-52850,-70,-52990
496,-1075,-418,-38150,280,-42350
462,-1040,-475,-24710,-2170,-30940
460,-1023,-528,-11690,-4620,-18200
448,-993,-489,2310,-10920,-2450
408,-977,-464,18200,-11270,13930
445,-1040,-537,18200,-11270,13930
503,-1093,-633,35420,-12600,30310
503,-1093,-633,53690,-18200,46690
518,-1089,-592,70770,-13860,59430
551,-1075,-577,89670,-9240,71610
616,-1070,-691,105770,-7420,83720
658,-1094,-730,121450,-6090,96600
656,-1096,-721,137900,-3780,111720
693,-1066,-768,152390,2520,124740
747,-1045,-852,164570,12040,132650
774,-1027,-903,175350,19530,139020
786,-1007,-898,185990,23870,146510
783,-986,-919,197050,31080,152950
751,-965,-943,205940,37240,157220
722,-911,-951,213920,45010,160300
711,-864,-916,220430,51380,161000
690,-797,-922,226100,54460,160580
634,-704,-903,229740,57260,159880
595,-609,-791,231490,55440,161910
543,-470,-662,230230,52080,163730
477,-300,-481,224980,55650,161350
472,-156,-325,224980,55650,161350
500,-67,-246,216370,55160,155190
467,-21,-180,201810,60480,145670
467,-21,-180,182210,68250,133350
345,3,-69,156520,73990,118020
196,33,38,127260,66640,103670
147,42,114,96110,54110,88130
184,43,74,65940,36750,67690
174,79,25,35350,22190,43120
170,103,43,5810,12460,17640
198,120,8,-20930,350,-8680
230,159,-18,-48230,-8330,-33250
283,187,-76,-75390,-12250,-53200
336,212,-113,-99120,-16590,-69930
354,254,-141,-117880,-24430,-84560
410,268,-154,-130410,-36610,-97300
530,216,-250,-141330,-35980,-110460
572,171,-423,-151620,-41510,-122850
588,115,-484,-159600,-51870,-131390
591,56,-392,-165200,-43960,-138180
576,15,-343,-169400,-36960,-143500
670,-102,-502,-169400,-36960,-143500
615,-189,-566,-172970,-36890,-147700
615,-273,-629,-174790,-45920,-152110
637,-273,-626,-173950,-63700,-154770
732,-411,-702,-174650,-54460,-158900
632,-575,-660,-174300,-46410,-157920
635,-662,-748,-172480,-59570,-156380
713,-662,-860,-169820,-64540,-156800
748,-757,-747,-167090,-41930,-158830
660,-930,-734,-158620,-34790,-155540
529,-1065,-716,-150990,-27160,-146720
585,-1044,-673,-147560,-22260,-138320
720,-1005,-825,-148820,-15260,-132790
684,-905,-752,-143570,-22820,-132020
565,-890,-529,-132020,-16800,-116760
524,-1017,-506,-120260,-11340,-101360
506,-1042,-610,-112630,-5460,-88200
492,-1060,-646,-110740,-5460,-77140
510,-1041,-657,-105910,-9100,-70630
479,-1055,-596,-94780,-8470,-64680
425,-1112,-477,-77000,-3360,-56630
387,-1173,-464,-77000,-3360,-56630
369,-1184,-481,-54600,2520,-43120
393,-1112,-485,-33390,-2100,-27300
393,-1112,-485,-16380,-7980,-11970
425,-1059,-506,-840,-12320,2870
454,-1014,-484,15540,-12320,16660
496,-986,-484,32130,-11550,29540
526,-976,-551,45290,-10500,40460
500,-962,-573,58240,-10430,53060
505,-1002,-555,72450,-4550,67410
543,-1062,-614,89180,-5390,79940
583,-1115,-740,106330,-8190,88900
600,-1158,-764,122710,-1470,97510
582,-1144,-749,139020,5180,108430
617,-1120,-795,153720,7490,119700
638,-1101,-827,167090,12180,128800
639,-1063,-863,178920,20580,136290
667,-1026,-881,190820,25130,142800
708,-994,-911,200970,33740,147140
739,-964,-932,207970,40810,148820
711,-911,-917,214900,45290,149660
686,-833,-894,214900,45290,149660
670,-757,-861,220920,48790,149310
667,-692,-853,226030,55650,148610
667,-692,-853,230650,60130,149730
640,-622,-851,231560,66290,150150
553,-517,-748,229670,67760,150570
485,-376,-564,226240,60900,148750
465,-250,-424,219660,54390,142940
443,-126,-262,206290,61810,133560
402,-27,-120,185010,74060,123200
399,-1,-85,160510,80920,109970
305,33,-4,132230,79730,96250
212,65,89,101850,67550,85050
183,71,98,69230,53620,68250
118,102,58,38080,36890,48580
102,133,14,7840,21420,25620
141,151,21,-21210,12110,770
207,176,13,-46060,-420,-27580
238,221,-28,-67200,-9100,-54180
258,242,-53,-86730,-13020,-74620
309,214,-70,-106470,-8050,-90790
354,180,-123,-106470,-8050,-90790
409,130,-184,-123830,-13720,-103670
497,68,-246,-137970,-35140,-114940
497,68,-246,-146440,-58520,-125370
605,-5,-272,-153930,-57960,-136850
681,-124,-302,-163660,-48370,-149310
699,-223,-521,-173880,-58450,-159740
688,-301,-610,-180530,-73640,-165200
733,-397,-531,-183330,-67970,-172550
725,-442,-604,-183120,-59220,-180040
660,-526,-594,-181440,-64260,-179130
718,-651,-768,-183400,-62790,-171430
690,-637,-840,-183820,-57610,-172270
637,-651,-732,-179130,-57260,-165620
670,-825,-793,-173390,-50330,-160510
641,-965,-680,-164850,-29470,-156730
636,-992,-632,-160860,-21140,-151270
685,-1039,-820,-158830,-31010,-142240
577,-1130,-855,-154980,-33110,-134960
439,-1169,-718,-139300,-21840,-125510
502,-1193,-671,-124810,-14070,-117320
575,-1217,-605,-124810,-14070,-117320
543,-1180,-650,-116480,-18690,-104160
499,-1136,-595,-108290,-21770,-89040
499,-1136,-595,-95620,-21210,-76790
487,-1124,-433,-80150,-13300,-65380
506,-1105,-442,-67410,-7070,-54810
523,-1046,-518,-57890,-6440,-43120
486,-986,-526,-47950,-8330,-31780
401,-975,-411,-34020,-4550,-20160
388,-1016,-409,-17850,-420,-7140
424,-1055,-466,1330,-2100,6160
394,-1088,-485,21350,-1610,21910
387,-1086,-496,39270,-3920,38640
431,-1045,-504,54250,-4060,55090
459,-1024,-553,67130,-1120,69160
533,-1019,-569,80430,1610,82110
607,-1069,-583,97440,-1050,95130
580,-1110,-638,115220,1260,107170
606,-1134,-703,132160,7770,119700
655,-1178,-812,147000,15260,132650
656,-1201,-863,159600,17430,143990
670,-1160,-820,159600,17430,143990
678,-1105,-835,172690,21630,151970
707,-1080,-886,186620,29960,156730
707,-1080,-886,198730,40530,161280
742,-1032,-865,209160,49280,166950
754,-967,-866,218050,54950,171850
748,-928,-891,224560,62440,176470
687,-860,-875,229250,68180,181230
692,-774,-816,232330,66360,185640
721,-670,-726,234640,58800,186830
633,-513,-600,236810,54600,184940
548,-364,-484,231700,48510,181160
482,-223,-382,217280,46340,171780
444,-109,-274,201320,48300,158900
419,-54,-143,184030,54740,143150
347,-23,-55,163590,62020,125860
275,-2,-6,139720,60900,109200
234,18,14,111510,58590,94990
206,67,-13,80010,53970,80290
186,117,21,50820,41790,61950
180,148,110,21420,32620,38990
176,210,89,21420,32620,38990
209,246,34,-5670,20020,16170
263,270,19,-32130,3500,-7700
263,270,19,-55720,-7980,-32410
312,302,-32,-76790,-14140,-54880
364,287,-69,-95340,-12460,-74550
374,287,-135,-111790,-13860,-91700
414,262,-164,-123130,-27790,-104790
504,215,-210,-133280,-34790,-116830
559,156,-299,-143150,-38500,-129430
613,73,-361,-149940,-49630,-142380
677,-15,-416,-155540,-53620,-150990
674,-74,-410,-160230,-52150,-157080
631,-169,-497,-166460,-49140,-157010
648,-255,-579,-169960,-56630,-158270
715,-311,-555,-172410,-61390,-159530
747,-398,-641,-172410,-61460,-160020
657,-460,-758,-172410,-58800,-160230
630,-591,-686,-170030,-58310,-156660
690,-726,-567,-167930,-53410,-151060
681,-753,-735,-168490,-46200,-147980
630,-723,-918,-168630,-51940,-148540
644,-837,-774,-168630,-51940,-148540
664,-996,-642,-165200,-57190,-142800
664,-996,-642,-157920,-42560,-139230
614,-1031,-711,-150220,-26390,-134330
571,-1031,-923,-146300,-20300,-127540
515,-1060,-823,-142450,-24850,-119070
532,-1109,-592,-129010,-28280,-110530
569,-1148,-602,-113190,-21280,-105560
516,-1117,-597,-100870,-10710,-98630
484,-1083,-580,-92890,-15120,-83510
553,-1086,-591,-83090,-20230,-69860
537,-1068,-594,-66430,-14420,-57470
485,-1115,-539,-43680,-7700,-41160
525,-1141,-605,-19040,-10220,-22330
569,-1125,-649,1960,-11480,-3920
579,-1088,-591,21490,-12250,16240
580,-1025,-630,39130,-6720,35070
637,-1018,-663,58590,-3080,51590
648,-1039,-679,79800,420,70000
635,-1041,-697,97090,10080,87220
669,-1052,-747,97090,10080,87220
678,-1097,-832,114380,14210,101990
678,-1097,-832,129430,15330,115850
656,-1122,-831,142870,19670,127470
654,-1129,-814,142870,19670,127470
655,-1125,-827,168490,31150,137550
685,-1095,-869,182000,33740,135800
665,-1061,-882,192430,42210,134190
610,-1008,-951,192430,42210,134190
597,-961,-950,205520,55230,146790
584,-865,-867,210980,50260,154770
592,-749,-827,214760,47810,159740
603,-676,-791,218610,46410,163450
611,-591,-766,221550,45710,163100
607,-461,-652,221480,45920,158270
575,-337,-532,217630,51520,150570
521,-231,-436,210980,52290,141050
483,-143,-325,199850,55090,130340
478,-108,-208,182840,57820,120260
434,-61,-151,160510,65940,110250
373,-12,-127,138040,58520,99330
299,14,-6,138040,58520,99330
239,60,44,112700,56630,86590
239,60,44,86170,50120,73290
211,101,28,56910,37450,57470
201,126,53,26880,29820,38990
206,158,26,-1750,18760,18060
223,177,-11,-27930,1610,-4480
277,200,-33,-53340,-4620,-29890
316,224,-51,-77910,-7700,-55720
351,237,-105,-97510,-16520,-77420
408,218,-178,-114520,-23800,-95690
444,190,-195,-128940,-29960,-110250
485,150,-211,-142170,-29400,-121030
532,84,-314,-152740,-40810,-130060
567,17,-369,-162190,-49070,-139160
629,-96,-390,-168910,-50680,-148330
655,-203,-414,-173530,-51100,-154210
661,-315,-537,-178150,-49840,-158760
642,-387,-649,-180810,-51660,-162260
613,-436,-603,-180880,-57120,-162820
656,-560,-567,-179900,-57330,-160510
749,-681,-661,-179900,-57330,-160510
719,-768,-777,-180810,-53480,-161140
645,-837,-751,-181370,-50470,-160930
645,-837,-751,-178430,-48300,-157780
607,-933,-665,-175910,-43260,-152040
576,-1049,-702,-176330,-38150,-142870
603,-1091,-865,-175700,-40880,-135030
660,-1062,-784,-167230,-40110,-130410
654,-1085,-668,-157570,-30800,-127120
557,-1131,-641,-148260,-17780,-122150
548,-1146,-564,-138810,-10220,-113190
579,-1122,-547,-130480,-10360,-106190
532,-1092,-597,-121450,-10850,-99120
467,-1116,-557,-109830,-11690,-86240
476,-1151,-449,-93590,-15050,-68320
498,-1144,-440,-75110,-18270,-54530
462,-1123,-489,-55440,-15260,-42070
459,-1127,-491,-33600,-17150,-24780
466,-1142,-438,-10710,-23170,-4130
511,-1106,-453,11130,-24150,12530
546,-1030,-499,29050,-18620,25900
496,-980,-542,29050,-18620,25900
529,-982,-576,46060,-19530,42560
529,-982,-576,63490,-19880,58170
584,-1010,-615,82250,-15750,73290
564,-1035,-680,99540,-11970,87430
584,-1092,-676,116690,-8890,101010
598,-1147,-682,134540,-5530,112070
555,-1183,-760,151550,-840,121030
570,-1211,-809,166460,6720,127820
616,-1202,-846,179620,16800,132020
636,-1173,-845,190750,25550,135520
654,-1142,-862,200410,31640,140350
663,-1115,-923,208810,39900,147350
653,-1075,-920,216370,46130,152950
680,-992,-863,224210,49070,158200
709,-904,-799,229880,55580,159250
718,-833,-804,234360,60480,158060
719,-773,-799,235340,64610,155960
615,-667,-715,233310,70700,152740
546,-530,-600,230160,72170,149310
528,-394,-480,222320,69930,146230
456,-259,-351,222320,69930,146230
419,-163,-190,209020,69370,141750
419,-163,-190,191170,70420,135380
404,-76,-102,172340,71820,126000
363,-4,-43,149240,75670,114450
245,61,46,123200,72100,100170
171,106,101,94920,60270,86520
188,89,144,63490,53480,67270
177,80,97,32690,41370,43050
162,108,8,3920,22260,16730
179,103,-7,-25200,8610,-7630
237,94,-28,-52920,910,-32270
291,140,-49,-75950,-6720,-56910
320,171,-63,-95970,-8610,-78890
367,159,-119,-112630,-13090,-98420
422,150,-158,-127330,-17990,-113890
471,130,-137,-140700,-25760,-128170
545,64,-170,-150640,-39760,-141330
611,-33,-260,-158970,-55230,-153090
702,-117,-433,-167370,-75530,-164990
716,-177,-463,-176540,-72730,-173530
703,-316,-384,-176540,-72730,-173530
744,-479,-560,-182140,-58380,-179410
744,-569,-560,-184940,-53410,-182560
725,-569,-701,-186130,-53550,-182770
735,-622,-679,-186760,-52430,-183890
673,-683,-641,-186480,-44590,-181510
657,-814,-792,-183610,-48440,-178150
704,-947,-812,-179760,-34020,-172900
677,-1023,-610,-171500,-13790,-163660
645,-1018,-736,-163520,-2870,-154420
703,-1086,-851,-155750,-18200,-147210
721,-1173,-691,-147840,-19040,-140420
606,-1171,-611,-137480,-14350,-129640
614,-1162,-694,-125300,-12810,-121170
650,-1148,-687,-112350,-8820,-113750
572,-1204,-451,-96670,-10220,-99050
541,-1192,-364,-80080,-8890,-80780
579,-1126,-452,-66780,-8820,-66150
582,-1078,-470,-55650,-13160,-53830
536,-1020,-414,-44310,-15190,-38850
530,-1006,-366,-29680,-17640,-22330
589,-1024,-421,-29680,-17640,-22330
567,-1034,-434,-14070,-18340,-7770
567,-1034,-434,1680,-16730,3850
534,-1034,-409,19110,-17150,16660
541,-1080,-442,38360,-10010,31080
522,-1114,-501,56210,-6650,46480
533,-1099,-507,71960,-9520,61530
571,-1071,-537,87080,-6440,74270
577,-1064,-586,102620,-1050,87500
578,-1088,-668,117390,-4340,104160
621,-1114,-766,130130,-5110,119070
636,-1101,-729,144270,420,130970
664,-1089,-758,157920,7000,141750
737,-1115,-873,169680,15260,148610
754,-1096,-860,179760,23730,150220
759,-1045,-791,189560,31780,150920
764,-1016,-799,199010,42350,152740
777,-982,-867,206850,51800,153510
767,-910,-841,214130,58240,154700
722,-815,-767,219730,64820,156380
694,-722,-746,222180,67270,159600
684,-632,-727,222180,67270,159600
651,-532,-665,222950,65660,165760
651,-532,-665,222250,57750,169260
575,-426,-565,219030,50190,166180
522,-304,-436,214480,45220,158340
459,-188,-328,205590,47320,148680
437,-118,-271,189210,55230,137760
393,-45,-138,168560,66220,125930
324,7,-29,145880,71890,112420
262,68,33,120260,68530,98070
215,127,85,92120,57890,82390
219,127,106,61880,46480,62720
203,132,101,31500,31150,39130
194,159,81,2800,15400,15260
221,180,54,-24430,4760,-9660
273,195,16,-48860,-6860,-34650
306,225,10,-71190,-15400,-58170
350,239,-11,-91560,-21280,-79450
408,221,-68,-110040,-21420,-97650
439,195,-87,-125720,-23660,-114030
453,169,-125,-138460,-26390,-128870
493,99,-197,-138460,-26390,-128870
560,13,-233,-147840,-46130,-141050
560,13,-233,-158060,-63420,-148960
622,-91,-284,-170520,-60410,-155750
626,-201,-438,-179200,-64190,-162260
668,-329,-529,-184870,-75180,-164920
709,-445,-482,-186970,-68180,-169890
772,-549,-564,-185640,-66010,-177030
794,-615,-757,-183400,-57470,-180950
729,-671,-687,-180180,-51940,-179760
705,-753,-630,-177100,-46410,-175770
687,-834,-757,-175210,-48160,-169680
704,-851,-855,-174090,-54670,-163380
750,-864,-824,-172690,-49700,-158900
681,-963,-685,-162050,-36680,-152390
620,-1066,-688,-148470,-32130,-138670
633,-1092,-706,-138880,-31850,-126910
632,-1085,-641,-131740,-29260,-117040
614,-1098,-622,-124950,-26740,-110250
559,-1079,-637,-115990,-23310,-102970
557,-1122,-572,-104300,-20930,-93660
522,-1150,-496,-104300,-20930,-93660
469,-1130,-465,-91070,-17500,-83160
469,-1130,-465,-76090,-14490,-69720
483,-1125,-495,-61180,-16590,-55020
467,-1116,-475,-46200,-15540,-40180
452,-1069,-408,-30450,-15470,-27230
486,-1041,-418,-15050,-14420,-13930
478,-1019,-449,-1050,-11690,-280
442,-991,-457,12390,-9450,13580
475,-986,-477,26250,-9940,26880
570,-1142,-676,106260,-140,95970
587,-1139,-683,120400,3990,107310
578,-1136,-737,134960,10080,118370
627,-1127,-753,148610,15540,127470
696,-1103,-759,160930,22680,135310
691,-1071,-798,171500,30170,142310
700,-1054,-828,182210,34650,148890
741,-1023,-848,182210,34650,148890
738,-977,-831,192500,39060,153230
738,-977,-831,201390,43050,157360
722,-908,-815,207970,45360,160090
702,-837,-826,213290,51380,161910
715,-772,-811,216020,55090,164290
697,-689,-769,217140,56070,166530
635,-596,-701,217350,52780,166530
588,-481,-642,217280,44870,164010
559,-379,-580,214060,35560,159880
538,-288,-457,206150,32550,153230
492,-178,-295,195090,42700,142380
377,-77,-132,179690,54950,127540
341,-4,-41,160790,57260,110320
305,43,-2,135730,55650,91560
230,69,24,106680,47810,73850
201,77,94,74900,38570,56000
181,97,109,43610,26530,38780
202,144,34,14630,11340,19180
237,150,-12,-13090,-560,-2380
251,142,-13,-39270,-7560,-24080
283,159,-40,-39270,-7560,-24080
324,180,-94,-63350,-14560,-44730
324,180,-94,-86100,-20510,-62510
337,210,-141,-106190,-26320,-76790
388,199,-180,-122710,-32830,-90650
446,165,-202,-133770,-46480,-104370
503,113,-243,-143920,-48370,-117810
544,50,-339,-154000,-45710,-130480
552,-16,-438,-162330,-52640,-139020
573,-103,-430,-169050,-55160,-146510
612,-226,-441,-174020,-54670,-151410
679,-344,-544,-176750,-59570,-156100
705,-434,-594,-180600,-62720,-160440
645,-564,-594,-183890,-64540,-160440
594,-652,-710,-185640,-67340,-157570
624,-717,-745,-187320,-58660,-154980
678,-825,-694,-186410,-54810,-150990
722,-892,-828,-184800,-49700,-152040
661,-963,-837,-181860,-39340,-149660
587,-1056,-728,-174370,-31640,-141750
613,-1039,-739,-164920,-31640,-138040
609,-1032,-746,-164920,-31640,-138040
590,-1064,-666,-153930,-26040,-132650
590,-1064,-666,-144130,-21070,-123830
560,-1073,-576,-135590,-10430,-112560
538,-1071,-567,-126490,-6090,-100590
513,-1081,-615,-119490,-3920,-88970
522,-1099,-632,-112770,-3920,-79310
492,-1113,-562,-100870,-770,-68810
457,-1180,-523,-80920,3430,-53620
477,-1217,-520,-57820,4970,-36680
470,-1161,-515,-37030,2240,-21840
464,-1078,-552,-17640,350,-8540
460,-1033,-501,980,280,5600
492,-1009,-433,18970,630,20790
519,-978,-480,34650,1050,34370
520,-962,-532,48370,2310,46900
528,-986,-540,63350,2940,60130
533,-1030,-569,80010,3570,73150
542,-1103,-610,97790,3220,84980
537,-1181,-676,114450,4690,95760
540,-1219,-721,130060,4690,106400
578,-1222,-752,130060,4690,106400
592,-1194,-778,143150,7910,116060
592,-1194,-778,154350,14280,124110
588,-1139,-725,166530,19950,132510
620,-1070,-718,178360,23520,141540
692,-1024,-783,187390,28280,147490
685,-973,-810,195230,37730,150220
689,-926,-809,203210,45430,153930
743,-912,-821,207760,52150,155960
698,-866,-812,212310,57960,156590
620,-778,-759,214760,59850,157850
622,-719,-723,215670,55160,157430
592,-687,-670,214480,47390,153020
539,-602,-636,212100,40320,150500
504,-461,-571,207200,41370,146930
479,-281,-405,199920,47740,142100
435,-91,-225,190050,50330,137970
391,27,-77,174580,52290,132930
354,112,2,150990,57610,122150
321,174,67,123690,57190,107590
323,185,128,94150,50470,88690
282,203,134,94150,50470,88690
253,204,74,63280,39970,64330
253,204,74,32200,24710,38360
245,164,34,-140,13440,11270
249,147,-6,-30030,1890,-14280
252,153,-33,-57750,-7770,-37800
269,145,-49,-81900,-15330,-59290
303,141,-71,-102830,-21210,-79100
307,148,-94,-121730,-24920,-95830
337,133,-155,-136640,-34160,-108710
416,85,-204,-149730,-43960,-121240
468,27,-253,-161910,-46760,-134820
509,-49,-328,-172550,-49770,-147560
597,-158,-446,-180110,-63770,-158550
629,-285,-543,-185990,-66850,-167720
597,-399,-606,-188580,-58940,-172900
616,-516,-664,-188230,-56910,-174580
662,-633,-639,-188580,-54600,-173110
659,-715,-614,-186410,-55930,-171430
617,-789,-720,-185780,-56840,-169050
652,-875,-821,-185570,-53900,-164500
636,-970,-703,-185570,-53900,-164500
555,-1016,-639,-183120,-47460,-158480
555,-1016,-639,-175490,-42350,-152320
587,-1067,-863,-168140,-37800,-147280
581,-1153,-832,-162050,-25130,-142240
589,-1184,-604,-148470,-17990,-134750
652,-1175,-640,-136010,-14000,-129150
633,-1171,-764,-128520,-12670,-123830
556,-1133,-720,-120470,-15050,-113960
496,-1072,-582,-109340,-16310,-99260
506,-1065,-522,-95830,-13860,-82530
528,-1065,-515,-80710,-12180,-67830
463,-1061,-523,-66010,-8890,-52220
432,-1083,-543,-50890,-8400,-37450
447,-1125,-549,-31850,-9100,-21420
442,-1148,-543,-9450,-6230,-5600
456,-1121,-523,11620,-2240,9030
448,-1067,-501,30030,-2870,25270
451,-1019,-533,46060,-1680,43820
489,-1006,-567,60130,2800,61460
511,-995,-557,60130,2800,61460
519,-1018,-564,74830,3850,75250
544,-1067,-659,92610,3710,88060
544,-1067,-659,109480,5740,99890
539,-1110,-730,123340,9590,111020
556,-1146,-730,136570,15120,120050
579,-1151,-746,149590,18900,126420
578,-1157,-793,162540,24780,129710
596,-1140,-821,173460,31780,134540
623,-1093,-816,181300,37030,139650
622,-1040,-817,189140,42420,143010
630,-980,-813,196420,46970,147840
656,-915,-798,201810,50890,152740
640,-858,-785,204050,52080,155330
608,-777,-759,204890,53620,155400
614,-685,-721,205240,58590,152530
634,-607,-665,205030,61110,147770
584,-500,-593,203700,58940,142730
515,-394,-523,198940,52360,137620
476,-287,-444,190960,46900,132650
462,-188,-357,180180,46970,126350
433,-102,-258,180180,46970,126350
375,-8,-196,166530,51380,116620
352,43,-152,149030,55020,104930
352,43,-152,129010,50470,91980
353,63,-96,106260,42070,78050
304,103,-37,82810,30170,63490
264,136,5,57820,22190,49980
263,148,-20,32550,14420,33880
264,157,-34,6160,3640,15610
291,157,-12,-20720,-2590,-5320
321,154,-14,-47600,-9520,-28980
367,143,-72,-73360,-18060,-52990
381,144,-123,-96250,-28910,-73920
401,122,-147,-115500,-37940,-91210
439,81,-184,-131110,-46200,-105560
495,57,-280,-144830,-50610,-117740
551,6,-361,-156940,-56560,-130130
592,-80,-385,-167370,-58310,-141750
616,-171,-431,-175490,-56000,-151620
611,-267,-491,-180180,-57680,-157710
611,-362,-547,-181930,-58590,-160440
636,-469,-605,-181930,-58590,-160440
618,-591,-671,-182910,-58380,-160440
616,-669,-785,-184310,-55160,-158130
616,-669,-785,-185850,-50120,-156450
670,-758,-825,-183890,-51240,-158270
595,-888,-724,-177240,-47530,-155890
520,-939,-707,-171850,-40040,-150640
565,-959,-716,-165900,-37730,-146580
626,-1016,-702,-161350,-36610,-143710
631,-1060,-745,-157010,-34090,-137410
544,-1067,-745,-153300,-29260,-128100
471,-1107,-625,-144900,-22400,-115920
491,-1152,-597,-133140,-13930,-107800
491,-1151,-590,-121940,-6860,-104020
454,-1142,-510,-110670,-4760,-97930
409,-1139,-456,-98770,-4760,-86310
375,-1152,-411,-86520,-2520,-71400
381,-1123,-444,-75530,-5740,-58240
384,-1079,-448,-65520,-10010,-46970
378,-1075,-407,-53340,-10570,-34930
388,-1078,-385,-36400,-10990,-22540
410,-1096,-406,-36400,-10990,-22540
432,-1116,-458,-17360,-7980,-9870
428,-1087,-446,700,-4270,2240
428,-1087,-446,18900,-3430,13580
424,-1070,-448,37380,-4200,27510
427,-1078,-519,53620,-5460,44030
446,-1067,-596,69720,-7140,60060
484,-1049,-599,85750,-6300,74900
494,-1039,-606,101080,-3920,88060
525,-1056,-670,115150,980,99680
565,-1091,-714,126770,7000,107310
558,-1118,-737,138320,13860,113540
554,-1149,-767,150290,20580,120050
594,-1182,-813,161980,23660,126910
601,-1167,-792,171990,29050,133280
579,-1123,-765,180880,35140,140350
585,-1106,-816,188440,38290,147700
605,-1091,-849,194880,40670,154000
637,-1030,-801,201530,45150,155820
637,-916,-769,207410,51170,154350
622,-832,-769,209370,56910,152250
627,-762,-756,209370,56910,152250
594,-660,-732,209720,60550,152110
594,-660,-732,208040,61950,150570
547,-550,-674,202860,61320,146160
521,-424,-536,196700,58310,139930
478,-281,-392,188860,58100,130620
475,-168,-323,178640,57750,121450
453,-82,-222,164640,67480,110880
357,12,-84,145880,75460,101990
286,93,-5,124460,70770,93800
219,154,34,101850,56770,84210
208,171,73,77350,39620,72170
255,156,45,51240,26110,53410
266,152,-2,24150,15470,30590
266,141,-27,-3360,5460,6650
294,119,-76,-30030,-4130,-16240
321,115,-110,-54040,-15750,-38010
347,117,-134,-75530,-26320,-56840
405,104,-201,-92610,-36680,-72380
406,111,-238,-108500,-43330,-88970
441,82,-214,-122360,-46690,-102480
517,5,-244,-122360,-46690,-102480
522,-31,-309,-134260,-49910,-115640
523,-62,-370,-144900,-57820,-127960
523,-62,-370,-156170,-63000,-138110
573,-164,-387,-166390,-63630,-147140
627,-275,-437,-176680,-65240,-155680
619,-368,-576,-184170,-69300,-160300
600,-478,-630,-188160,-67830,-163100
582,-584,-720,-190120,-59780,-163870
647,-712,-863,-190820,-57610,-166250
666,-821,-776,-187740,-56070,-165970
621,-882,-783,-179830,-50400,-163030
550,-955,-823,-171150,-38220,-162050
507,-1013,-703,-158690,-39550,-153580
517,-1007,-693,-150500,-43750,-142800
463,-1023,-672,-148400,-47530,-131320
439,-1014,-688,-147770,-46130,-120680
460,-1038,-654,-147140,-45500,-109410
487,-1117,-523,-141330,-44520,-98980
507,-1177,-460,-132440,-40740,-92540
480,-1215,-567,-121660,-31290,-87640
433,-1216,-651,-121660,-31290,-87640
389,-1247,-554,-110810,-24010,-80640
362,-1277,-484,-96740,-19600,-70980
362,-1277,-484,-79030,-15330,-58730
383,-1232,-481,-61670,-11410,-46690
374,-1137,-479,-45710,-9730,-35420
345,-1068,-469,-29890,-8120,-23520
325,-1038,-447,-12600,-6090,-8470
345,-1025,-442,4760,-5950,8190
383,-1008,-493,21210,-10430,24150
388,-1015,-522,37870,-9660,38990
370,-1046,-539,55650,-7350,54320
401,-1084,-592,73220,-6230,67620
454,-1115,-622,90300,-3290,77700
453,-1131,-615,105490,3220,87220
455,-1166,-663,119630,7980,97650
486,-1183,-696,132860,10780,107380
510,-1170,-687,145250,17010,115290
518,-1159,-700,156870,20790,122640
546,-1149,-747,167300,26110,130060
582,-1157,-818,175700,32550,135660
561,-1127,-816,175700,32550,135660
579,-1071,-805,183400,40110,139580
644,-1022,-817,190610,47600,142520
644,-1022,-817,196770,54810,145530
676,-933,-798,202160,73850,148610
675,-833,-754,203420,89180,152880
681,-762,-711,200620,91770,158340
680,-692,-676,196140,89810,164360
650,-620,-632,191310,85890,166250
596,-533,-552,188090,78260,163100
567,-439,-513,185570,65380,155540
528,-324,-516,181160,54390,145950
451,-207,-444,172760,51520,136920
420,-113,-387,161770,48720,128940
395,-30,-316,149030,46060,120890
380,22,-248,133070,47810,111370
294,84,-145,114380,52430,98770
224,148,-35,95900,47460,86870
236,188,-9,74900,41020,70980
252,193,22,51170,32900,49070
254,199,37,26180,22400,26180
246,211,29,26180,22400,26180
292,199,2,350,8680,3010
334,178,-20,-25340,-5250,-20790
334,178,-20,-49630,-15890,-44100
357,174,-61,-71610,-24920,-65240
391,160,-102,-90580,-33670,-83650
423,133,-146,-106540,-43680,-100800
454,99,-169,-121520,-53970,-115850
491,44,-191,-134820,-58660,-127960
504,-6,-235,-146650,-60550,-138530
534,-66,-286,-156310,-71960,-148610
587,-154,-383,-165830,-74690,-155190
610,-261,-436,-174370,-71820,-162120
621,-390,-490,-180880,-68110,-166530
607,-467,-640,-183890,-70000,-169680
603,-594,-670,-184520,-66710,-170940
584,-721,-590,-181930,-61040,-170800
565,-763,-751,-178920,-55510,-167580
560,-895,-860,-175350,-57470,-163520
597,-997,-815,-171710,-53340,-159740
639,-1021,-841,-168700,-46970,-157150
613,-1016,-817,-168700,-46970,-157150
646,-981,-778,-165130,-35140,-151620
651,-1048,-719,-159530,-35420,-141190
651,-1048,-719,-151550,-29960,-129010
584,-1103,-646,-141470,-20440,-120750
538,-1098,-620,-130900,-14350,-113190
528,-1126,-645,-118860,-13090,-104860
511,-1166,-640,-105560,-8750,-93170
481,-1209,-570,-88760,-8820,-79380
481,-1221,-576,-69510,-10010,-63280
503,-1193,-630,-49840,-8960,-46200
525,-1162,-591,-26530,-11200,-27370
552,-1130,-573,-2800,-14350,-8190
598,-1061,-625,15050,-11480,9730
617,-986,-648,29120,-8820,28700
644,-955,-642,44730,-9030,47600
686,-954,-679,60900,-3220,63070
705,-961,-713,76930,5460,76440
685,-973,-688,90930,10640,89390
657,-1005,-719,104860,14700,102690
637,-1074,-786,117180,18410,114940
622,-1124,-775,117180,18410,114940
619,-1129,-769,128450,23380,126840
606,-1128,-823,139650,28770,136640
606,-1128,-823,151200,35420,144550
615,-1128,-855,161420,42490,150290
637,-1099,-856,171150,46550,156660
610,-1047,-812,179060,51030,161840
616,-998,-794,186970,55930,165410
678,-944,-844,192080,61460,167580
683,-869,-796,194740,64960,168070
597,-758,-666,197050,64400,166250
566,-646,-618,197540,60480,164010
605,-574,-613,195300,57330,159670
565,-506,-554,191030,55090,152040
496,-391,-473,185430,52710,144830
445,-284,-390,177590,51240,137340
416,-189,-331,166530,48090,129780
390,-96,-254,151620,48790,120680
363,-8,-145,135100,49770,110460
332,83,-41,118230,47320,98420
302,136,70,97440,44520,84140
271,199,76,75250,35630,69160
238,245,21,75250,35630,69160
244,239,17,50190,21070,52850
244,239,17,23800,6510,33600
308,231,-24,-2170,-8610,11970
352,228,-57,-27440,-15820,-11410
363,229,-60,-50120,-20790,-34370
380,212,-78,-71050,-26250,-56420
406,192,-139,-90090,-30450,-77000
436,169,-153,-107660,-31640,-96110
467,114,-130,-122920,-31290,-114310
497,49,-214,-136500,-33460,-128940
515,-26,-330,-149100,-47110,-139300
516,-101,-335,-161210,-59010,-146580
539,-183,-368,-171990,-59640,-152670
598,-290,-488,-178990,-65940,-159110
665,-406,-570,-181720,-61880,-165550
673,-507,-664,-181930,-53340,-175350
652,-609,-694,-178710,-48020,-180180
632,-675,-699,-173810,-45010,-179970
638,-728,-752,-170940,-44100,-178220
667,-798,-762,-170940,-44100,-178220
626,-829,-711,-169400,-47460,-176890
626,-893,-731,-166670,-45220,-176190
600,-893,-731,-164150,-38080,-172200
617,-959,-729,-160650,-39340,-164220
619,-992,-666,-156100,-38920,-154210
595,-1030,-733,-149450,-34230,-148260
563,-1109,-724,-139860,-28770,-140980
559,-1209,-668,-125580,-25620,-131460
556,-1265,-643,-109410,-20300,-117600
508,-1260,-597,-94290,-15120,-101710
495,-1197,-588,-81830,-17920,-84700
527,-1131,-550,-71330,-19530,-69860
536,-1100,-501,-58380,-14140,-56140
537,-1106,-471,-40530,-10990,-38780
542,-1100,-508,-22330,-11550,-18970
544,-1081,-529,-4690,-13160,-1330
528,-1056,-496,12390,-8960,14910
495,-1039,-527,28280,-4620,31710
495,-1035,-587,42420,-3150,49210
525,-1036,-580,56000,0,64680
526,-1048,-585,56000,0,64680
522,-1079,-650,71890,3220,77840
528,-1111,-722,87780,10010,90300
528,-1111,-722,102130,14980,103530
522,-1132,-706,115010,16940,117600
544,-1147,-710,128660,20160,130480
575,-1140,-792,140070,26950,139440
592,-1114,-783,150430,33810,145110
625,-1086,-755,160370,41370,148400
655,-1051,-782,168840,48020,150920
648,-1011,-813,174720,53340,154420
641,-966,-770,179760,55370,157290
661,-913,-719,184100,59290,157780
667,-845,-713,188230,60340,158970
661,-769,-719,189420,59920,161280
638,-680,-694,187740,60830,161770
617,-590,-631,185920,60900,160440
562,-483,-543,184100,55510,157430
531,-381,-508,182420,49770,151970
546,-314,-488,177520,44590,145250
518,-231,-408,168140,41720,137270
470,-142,-330,168140,41720,137270
446,-60,-242,155750,41790,129220
439,7,-146,140630,43820,119000
439,7,-146,123340,47250,106960
397,79,-44,104510,51380,92120
348,149,4,84000,49840,75740
311,185,9,60060,40880,58030
263,213,45,34580,26390,39620
260,226,67,8120,11690,19880
290,232,17,-16660,-350,-2870
304,231,-19,-39830,-10850,-26320
322,213,-33,-61320,-19180,-49280
350,188,-65,-80360,-28140,-70070
377,154,-94,-98630,-33320,-89320
390,121,-145,-114520,-32690,-106470
434,57,-222,-128800,-38080,-121870
476,-10,-279,-141680,-50750,-135870
511,-79,-304,-153440,-60060,-146720
553,-169,-358,-162400,-65870,-155610
571,-261,-445,-169260,-67060,-162820
596,-349,-503,-173670,-70980,-169190
612,-458,-540,-173670,-70980,-169190
628,-593,-614,-177660,-65100,-173390
628,-593,-614,-179480,-63700,-176820
638,-692,-659,-178570,-61600,-178710
603,-748,-718,-176190,-59710,-174510
596,-826,-794,-177170,-57050,-169120
605,-892,-784,-178150,-48650,-165970
602,-937,-725,-172480,-42700,-165340
593,-998,-719,-164080,-38570,-164500
571,-1040,-746,-158060,-31570,-161000
576,-1106,-719,-152390,-29330,-152530
587,-1187,-692,-146300,-30030,-142730
536,-1220,-666,-137970,-26810,-133980
480,-1226,-606,-128870,-18340,-127540
475,-1255,-533,-115710,-8820,-115920
483,-1268,-515,-100240,-8050,-100310
494,-1240,-521,-85680,-8190,-84980
457,-1208,-501,-69860,-5390,-71680
407,-1167,-494,-52500,-5740,-56070
436,-1130,-498,-35910,-7700,-36470
492,-1088,-491,-19460,-7140,-17220
502,-1026,-480,-19460,-7140,-17220
498,-991,-483,-2590,-7840,-980
487,-982,-494,12670,-8120,13370
487,-982,-494,26670,-6720,27230
455,-990,-517,43400,-7980,43960
467,-1023,-549,59220,-5740,59710
499,-1052,-582,73360,-4900,73990
483,-1078,-593,87150,-2730,90300
474,-1109,-612,101780,-2660,106400
508,-1134,-656,115290,4690,117810
561,-1163,-691,128450,12880,125370
571,-1175,-743,139440,19180,132930
579,-1173,-757,149590,25200,139860
614,-1158,-770,159740,33530,147490
645,-1119,-813,169050,42490,151830
680,-1092,-796,176330,50610,155820
644,-1056,-775,181860,54880,161000
635,-992,-787,186060,57050,167440
671,-936,-762,187530,61670,170310
619,-863,-691,188860,61600,169820
583,-769,-673,191520,63280,168350
607,-700,-699,191520,63280,168350
543,-610,-650,191030,65030,166880
501,-506,-580,186970,63000,163590
501,-506,-580,182490,56910,160510
493,-407,-510,177870,51520,155820
465,-311,-424,172340,51100,147980
438,-208,-324,164850,52500,138670
386,-102,-218,152390,56910,126630
369,-15,-151,137200,58800,112910
322,67,-73,118860,60200,97580
282,121,-6,97300,56280,81690
271,156,3,73290,46900,64960
243,200,18,47180,36050,46550
252,215,11,21070,26110,25620
267,208,11,-3850,14350,2240
279,203,13,-27650,3360,-20930
305,200,-32,-51170,-3850,-44940
347,185,-62,-73430,-7560,-69090
375,174,-56,-93450,-6930,-92960
411,146,-62,-111230,-5670,-115920
435,100,-86,-125440,-8400,-137270
453,45,-120,-125440,-8400,-137270
511,-37,-177,-136290,-16660,-156240
511,-37,-177,-145460,-28350,-172270
566,-115,-238,-154420,-32970,-186130
601,-221,-278,-162820,-33320,-198100
635,-341,-318,-167510,-41440,-207550
674,-471,-403,-170660,-36400,-214200
680,-612,-422,-172270,-28490,-218820
648,-702,-449,-170870,-22470,-221270
678,-810,-506,-169050,-23450,-222180
722,-901,-511,-167860,-12530,-222600
726,-957,-531,-164780,1890,-223930
601,-1036,-478,-160860,7840,-223860
552,-1146,-470,-156590,15120,-216370
605,-1191,-548,-153020,34090,-211890
574,-1214,-447,-145810,49280,-207620
561,-1273,-314,-134260,54320,-201880
494,-1288,-334,-121310,65030,-197050
457,-1324,-321,-107380,78190,-191030
412,-1338,-221,-93870,92750,-182700
331,-1309,-163,-80360,101150,-169610
303,-1292,-171,-80360,101150,-169610
280,-1260,-137,-67830,98350,-157780
255,-1219,-61,-56420,96320,-148330
255,-1219,-61,-45920,93940,-136430
205,-1192,-35,-34370,85470,-123830
124,-1136,-35,-22820,70910,-109550
119,-1097,-3,-13580,65100,-94150
152,-1079,41,-6440,64960,-81060
155,-1036,60,-280,64890,-69440
140,-989,49,5880,61880,-58100
120,-944,71,9870,62720,-46690
104,-909,94,13930,53410,-35420
89,-883,69,15610,49420,-25410
76,-845,57,16170,48510,-15260
39,-787,52,17500,39130,-5250
26,-737,56,18620,33250,5040
48,-715,76,19250,31780,14000
58,-695,61,17780,32830,19390
45,-704,50,12880,34370,21140
55,-725,2,7140,32270,22820
34,-719,-14,1680,30380,24150
-16,-745,38,1680,30380,24150
0,-788,51,-2170,23380,26250
20,-820,16,-4130,22610,29820
20,-820,16,-5740,23800,32130
-1,-860,-12,-8190,28070,32900
-38,-880,-2,-9940,26250,35210
-52,-870,-14,-10290,26320,38150
-59,-898,13,-11060,27650,42000
-82,-938,26,-11760,25200,46620
-86,-932,-12,-13160,20790,48790
-86,-945,-15,-14560,15400,48720
-98,-979,-18,-17010,14210,48370
-104,-992,-32,-18830,11270,47250
-98,-1000,-17,-17430,9940,45150
-63,-1030,-5,-15260,8400,41720
-51,-1060,-14,-14210,11550,36610
-61,-1098,-29,-12250,11200,32410
-69,-1131,-24,-10360,7700,29400
-74,-1138,-19,-9380,8610,27720
-86,-1127,-3,-8050,10780,27440
-95,-1102,36,-5600,9800,27510
-53,-1108,45,-5600,9800,27510
-29,-1124,18,-4620,12530,25620
-29,-1124,18,-5460,13160,20160
-39,-1121,5,-6720,7770,14140
-34,-1110,19,-8260,8190,8540
-31,-1114,32,-8820,9450,4550
-23,-1140,50,-7910,12390,2100
-22,-1148,47,-6090,15470,-70
-23,-1169,46,-4130,17430,-1890
-10,-1189,43,-2940,19600,-4900
-29,-1205,25,-3710,18760,-9100
-43,-1233,2,-6300,19600,-13090
-41,-1246,-4,-7910,12600,-14910
-56,-1270,47,-8470,8820,-15470
-61,-1272,60,-7070,6790,-16240
-57,-1263,40,-4340,7280,-16030
-53,-1266,52,-1120,9310,-14980
-52,-1243,82,3920,9030,-13650
-43,-1258,112,9660,12670,-12530
-26,-1411,78,11130,16660,-6930
-24,-1569,126,8260,10850,7280
17,-1420,238,8260,10850,7280
125,-1076,188,8680,-5460,18970
125,-1076,188,8330,-12740,17570
178,-880,72,4410,-5040,6160
134,-850,34,-1120,3780,-5390
111,-899,40,-5880,9870,-12180
107,-991,72,-8470,12320,-14070
54,-1067,129,-9660,9520,-12180
3,-1112,105,-10290,8750,-10500
8,-1105,69,-9800,18060,-13300
70,-1102,98,-10850,35070,-16030
106,-1158,104,-11270,41860,-18270
-54,-1152,130,-7840,35000,-19740
-118,-1149,17,-7000,28000,-16030
-41,-1226,-54,-4550,35910,-11830
-51,-1274,87,-1330,27230,-10150
-174,-1407,-155,4620,11690,-12950
-55,-1519,22,-12040,12530,-3290
-62,-1488,354,-17570,-24080,-9240
-132,-1461,127,-7210,-49980,-3220
70,-1438,48,2520,-46760,9870
96,-1418,33,2520,-46760,9870
99,-1354,-5,3710,-17640,20230
99,-1274,-5,7070,15540,29750
48,-1274,8,8960,47460,32480
-55,-1218,95,14000,57960,27650
-71,-1172,114,22330,46760,21350
18,-1151,46,29750,36820,16030
148,-1137,-39,34650,33880,14770
226,-1109,-45,33670,42070,16870
190,-1046,43,31220,43330,21420
152,-975,103,30660,33950,27860
160,-914,106,31640,21700,33950
171,-852,93,33740,9870,38290
203,-797,44,37030,3780,40600
350,-780,-121,40740,11760,45290
429,-774,-154,33250,49770,47390
276,-719,19,23100,82950,47740
107,-653,126,18550,85260,48440
75,-619,135,20370,67130,49350
119,-611,98,23520,47530,48930
160,-620,45,25550,34790,45850
190,-640,24,25550,34790,45850
183,-653,54,24150,34440,41510
183,-653,54,20580,40600,37730
159,-667,77,17710,42210,35140
155,-688,63,16030,39900,32760
165,-719,35,13580,38850,29330
167,-770,24,9800,39760,24780
153,-818,44,5740,38220,19740
142,-852,63,2870,30870,16240
146,-869,57,1540,19110,14490
164,-880,42,1470,9310,13650
188,-892,18,1890,5810,13650
207,-905,1,1610,8260,13720
213,-914,-1,980,13930,12880
200,-914,6,560,17290,11060
186,-915,18,350,17990,8330
197,-929,10,280,17850,5320
204,-943,1,-420,19040,1820
201,-950,10,-1540,19040,-1470
198,-954,26,-1820,16730,-3920
205,-955,19,-1330,13090,-5180
225,-956,6,-1330,13090,-5180
241,-955,1,-840,11480,-6230
241,-955,1,-700,10850,-7000
255,-960,0,-1680,11830,-7420
256,-969,3,-2240,12460,-7210
247,-969,4,-2730,9380,-6510
244,-961,2,-2870,4690,-5880
248,-948,-5,-2590,210,-5670
258,-936,-10,-2030,-1260,-6090
267,-934,-16,-1120,-1190,-7000
276,-935,-24,-840,280,-7910
280,-931,-31,-560,1890,-8960
277,-928,-27,-350,2380,-9940
275,-934,-19,-210,1470,-10780
275,-941,-19,560,-1050,-11690
280,-948,-20,1190,-3640,-12320
291,-959,-17,1820,-5390,-12390
303,-973,-13,2380,-5950,-11830
311,-984,-13,2590,-5530,-10570
309,-990,-10,3080,-5460,-8680
306,-986,-8,4060,-6440,-6020
314,-983,-9,4060,-6440,-6020
314,-981,0,4970,-5950,-3080
314,-981,0,5670,-3780,-700
304,-979,5,6230,-2660,980
298,-976,8,6370,-2660,2100
294,-968,18,6370,-2940,3220
295,-957,23,6300,-2730,4130
295,-947,22,6020,-2310,4760
291,-941,20,5250,-1400,4550
289,-941,14,4620,350,3780
289,-948,9,4200,2240,2380
289,-958,10,3710,3150,840
285,-968,11,3150,2170,210
285,-976,19,2590,-210,770
295,-983,25,1960,-1680,2030
300,-986,18,1820,-1750,3430
292,-985,11,1540,-1470,4690
290,-981,2,1330,-1120,5670
288,-974,0,1400,-420,6160
280,-967,-4,1610,210,6300